,checking,month,credit_history,purpose,credit_amount,savings,employment_length,installment_rate,sex_marital_status,debtors,resident_length,property,age,installment_plan,housing,num_of_credit,job,liables,telephone,foreign_worker,target
0,0,6,4,6,1169,1,0,4,3,2,4,0,67,1,2,2,1,1,1,0,1
1,1,48,2,6,5951,2,2,2,4,2,2,0,22,1,2,1,1,1,0,0,2
2,3,12,4,1,2096,2,1,2,3,2,3,0,49,1,2,1,2,2,0,0,1
3,0,42,2,5,7882,2,1,2,3,1,4,1,45,1,1,1,1,2,0,0,1
4,0,24,3,7,4870,2,2,3,3,2,4,3,53,1,1,2,1,2,0,0,2
5,3,36,2,1,9055,1,2,2,3,2,4,3,35,1,1,1,2,2,1,0,1
6,3,24,2,5,2835,4,0,3,3,2,4,1,53,1,2,1,1,1,0,0,1
7,1,36,2,8,6948,2,2,2,3,2,2,2,35,1,0,1,0,1,1,0,1
8,3,12,2,6,3059,0,1,2,2,2,4,0,61,1,2,1,2,1,0,0,1
9,1,30,4,7,5234,2,4,4,1,2,2,2,28,1,2,2,0,1,0,0,2
10,1,12,2,7,1295,2,3,3,4,2,1,2,25,1,0,1,1,1,0,0,2
11,0,48,2,10,4308,2,3,3,4,2,4,1,24,1,0,1,1,1,0,0,2
12,1,12,2,6,1567,2,2,1,4,2,1,2,22,1,2,1,1,1,1,0,1
13,0,24,4,7,1199,2,0,4,3,2,4,2,60,1,2,2,2,1,0,0,2
14,0,15,2,7,1403,2,2,2,4,2,4,2,28,1,0,1,1,1,0,0,1
15,0,24,2,6,1282,3,2,4,4,2,2,2,32,1,2,1,2,1,0,0,2
16,3,24,4,6,2424,1,0,4,3,2,4,1,53,1,2,2,1,1,0,0,1
17,0,30,0,10,8072,1,3,2,3,2,3,2,25,2,2,3,1,1,0,0,1
18,1,24,2,8,12579,2,0,4,4,2,2,3,44,1,1,1,0,1,1,0,2
19,3,24,2,6,3430,4,0,3,3,2,2,2,31,1,2,1,1,2,1,0,1
20,3,9,4,7,2134,2,2,4,3,2,4,2,48,1,2,3,1,1,1,0,1
21,0,6,2,6,2647,4,2,2,3,2,3,0,44,1,0,1,1,2,0,0,1
22,0,10,4,7,2241,2,3,1,3,2,3,0,48,1,0,2,2,2,0,1,1
23,1,12,4,8,1804,3,3,3,3,2,4,1,44,1,2,1,1,1,0,0,1
24,3,10,4,5,2069,1,2,2,1,2,1,2,26,1,2,2,1,1,0,1,1
25,0,6,2,5,1374,2,2,1,3,2,2,0,36,2,2,1,2,1,1,0,1
26,3,6,0,6,426,2,0,4,1,2,4,2,39,1,2,1,2,1,0,0,1
27,2,12,1,6,409,0,2,3,4,2,3,0,42,1,0,2,1,1,0,0,1
28,1,7,2,6,2415,2,2,3,3,1,2,0,34,1,2,1,1,1,0,0,1
29,0,60,3,10,6836,2,0,3,3,2,4,3,63,1,2,2,1,1,1,0,2
30,1,18,2,10,1913,0,3,3,1,2,3,0,36,2,2,1,1,1,1,0,1
31,0,24,2,5,4020,2,2,2,3,2,2,2,27,0,2,1,1,1,0,0,1
32,1,18,2,7,5866,3,2,2,3,2,2,2,30,1,2,2,1,1,1,0,1
33,3,12,4,10,1264,1,0,4,3,2,4,3,57,1,0,1,2,1,0,0,1
34,2,12,2,5,1474,2,3,4,4,2,1,1,33,2,2,1,0,1,1,0,1
35,1,45,4,6,4746,2,3,4,3,2,2,1,25,1,2,2,2,1,0,0,2
36,3,48,4,1,6110,2,2,1,3,2,3,3,31,2,1,1,1,1,1,0,1
37,2,18,2,6,2100,2,2,4,3,0,2,0,37,0,2,1,1,1,0,0,2
38,2,10,2,3,1225,2,2,2,3,2,2,2,37,1,2,1,1,1,1,0,1
39,1,9,2,6,458,2,2,4,3,2,3,0,24,1,2,1,1,1,0,0,1
40,3,30,2,6,2333,4,0,4,3,2,2,2,30,2,2,1,0,1,0,0,1
41,1,12,2,6,1158,4,2,3,2,2,1,2,26,1,2,1,1,1,1,0,1
42,1,18,3,4,6204,2,2,2,3,2,4,0,44,1,2,1,2,2,1,0,1
43,0,30,4,8,6187,3,1,1,1,2,4,2,24,1,0,2,1,1,0,0,1
44,0,48,4,8,6143,2,0,4,4,2,4,3,58,0,1,2,2,1,0,0,2
45,3,11,4,7,1393,2,3,4,4,2,4,2,35,1,2,2,0,1,0,0,1
46,3,36,2,6,2299,4,0,4,3,2,4,2,39,1,2,1,1,1,0,0,1
47,0,6,2,8,1352,4,4,1,4,2,2,1,23,1,0,1,3,1,1,0,1
48,3,11,4,7,7228,2,2,1,3,2,4,1,39,1,2,2,2,1,0,0,1
49,3,12,2,6,2073,3,2,4,4,0,2,0,28,1,2,1,1,1,0,0,1
50,1,24,3,5,2333,1,3,4,3,2,2,1,29,2,2,1,2,1,0,0,1
51,1,27,3,8,5965,2,0,1,3,2,2,2,30,1,2,2,0,1,1,0,1
52,3,12,2,6,1262,2,2,3,3,2,2,2,25,1,2,1,1,1,0,0,1
53,3,18,2,8,3378,1,2,2,3,2,1,1,31,1,2,1,1,1,1,0,1
54,1,36,3,7,2225,2,0,4,3,2,4,3,57,2,1,2,1,1,1,0,2
55,3,6,1,7,783,1,2,1,3,1,2,0,26,0,2,1,2,2,0,0,1
56,1,12,2,6,6468,1,4,2,3,2,1,3,52,1,2,1,0,1,1,0,2
57,3,36,4,6,9566,2,2,2,4,2,2,2,31,0,2,2,1,1,0,0,1
58,2,18,2,7,1961,2,0,3,4,2,2,2,23,1,2,1,0,1,0,0,1
59,0,36,4,5,6229,2,3,4,4,0,4,3,23,1,0,2,2,1,1,0,2
60,1,9,2,10,1391,2,2,2,1,2,1,0,27,2,2,1,1,1,1,0,1
61,1,15,4,6,1537,1,0,4,3,1,4,0,50,1,2,2,1,1,1,0,1
62,1,36,0,10,1953,2,0,4,3,2,4,3,61,1,1,1,0,1,1,0,2
63,1,48,0,10,14421,2,2,2,3,2,2,2,25,1,2,1,1,1,1,0,2
64,3,24,2,6,3181,2,3,4,4,2,4,1,26,1,2,1,1,1,1,0,1
65,3,27,2,4,5190,1,0,4,3,2,4,1,48,1,2,4,1,2,1,0,1
66,3,12,2,6,2171,2,3,2,4,2,2,2,29,2,2,1,1,1,0,0,1
67,1,12,2,7,1007,0,2,4,1,2,1,0,22,1,2,1,1,1,0,0,1
68,3,36,2,1,1819,2,2,4,3,2,4,3,37,0,1,1,1,1,1,0,2
69,3,36,2,6,2394,1,2,4,4,2,4,2,25,1,2,1,1,1,0,0,1
70,3,36,2,8,8133,2,2,1,4,2,2,1,30,2,2,1,1,1,0,0,1
71,3,7,4,6,730,1,0,4,3,2,2,1,46,1,0,2,2,1,1,0,1
72,0,8,4,0,1164,2,0,3,3,2,4,3,51,2,1,2,0,2,1,0,1
73,1,42,4,10,5954,2,1,2,4,2,1,0,41,2,2,2,2,1,0,0,1
74,0,36,2,1,1977,1,0,4,3,2,4,3,40,1,2,1,0,1,1,0,2
75,0,12,4,8,1526,2,0,4,3,2,4,3,66,1,1,2,0,1,0,0,1
76,0,42,2,6,3965,2,3,4,3,2,3,2,34,1,2,1,1,1,0,0,2
77,1,11,3,6,4771,2,1,2,3,2,4,1,51,1,2,1,1,1,0,0,1
78,3,54,0,8,9436,1,2,2,3,2,2,1,39,1,2,1,2,2,0,0,1
79,1,30,2,5,3832,2,3,2,1,2,1,1,22,1,2,1,1,1,0,0,1
80,3,24,2,6,5943,1,3,1,4,2,1,2,44,1,2,2,1,1,1,0,2
81,3,15,2,6,1213,4,0,4,3,2,3,1,47,0,2,1,1,1,1,0,1
82,3,18,2,10,1568,3,2,3,4,2,4,1,24,1,0,1,2,1,0,0,1
83,0,24,2,0,1755,2,0,4,4,1,4,0,58,1,2,1,2,1,1,0,1
84,0,10,2,6,2315,2,0,3,3,2,4,0,52,1,2,1,2,1,0,0,1
85,3,12,4,10,1412,2,2,4,4,1,2,0,29,1,2,2,0,1,1,0,1
86,1,18,4,5,1295,2,3,4,4,2,1,1,27,1,2,2,1,1,0,0,1
87,1,36,2,1,12612,3,2,1,3,2,4,3,47,1,1,1,1,2,1,0,2
88,0,18,2,7,2249,3,1,4,3,2,3,2,30,1,2,1,0,2,1,0,1
89,0,12,0,4,1108,2,1,4,3,2,3,0,28,1,2,2,1,1,0,0,2
90,3,12,4,6,618,2,0,4,3,2,4,0,56,1,2,1,1,1,0,0,1
91,0,12,4,8,1409,2,0,4,3,2,3,0,54,1,2,1,1,1,0,0,1
92,3,12,4,6,797,1,0,4,4,2,3,1,33,2,2,1,2,2,0,0,2
93,2,24,4,5,3617,1,0,4,3,0,4,3,20,1,0,2,1,1,0,0,1
94,1,12,2,7,1318,0,0,4,3,2,4,0,54,1,2,1,1,1,1,0,1
95,1,54,0,10,15945,2,3,3,3,2,4,3,58,1,0,1,1,1,1,0,2
96,3,12,4,1,2012,1,1,4,4,2,2,2,61,1,2,1,1,1,0,0,1
97,1,18,2,10,2622,3,2,4,3,2,4,2,34,1,2,1,1,1,0,0,1
98,1,36,4,6,2337,2,0,4,3,2,4,0,36,1,2,1,1,1,0,0,1
99,1,20,3,8,7057,1,1,3,3,2,4,1,36,2,0,2,0,2,1,0,1
100,3,24,2,7,1469,3,0,4,1,2,4,0,41,1,0,1,2,1,0,0,1
101,1,36,2,6,2323,2,1,4,3,2,4,2,24,1,0,1,1,1,0,0,1
102,3,6,3,6,932,2,2,3,4,2,2,0,24,1,2,1,1,1,0,0,1
103,1,9,4,5,1919,2,1,4,3,2,3,2,35,1,0,1,1,1,1,0,1
104,3,12,2,8,2445,1,3,2,1,2,4,2,26,1,0,1,1,1,1,0,1
105,1,24,4,0,11938,2,2,2,3,0,3,2,39,1,2,2,0,2,1,0,2
106,3,18,1,7,6458,2,0,2,3,2,4,3,39,2,2,2,0,2,1,0,2
107,1,12,2,7,6078,2,1,2,3,2,2,2,32,1,2,1,1,1,0,0,1
108,0,24,2,5,7721,1,3,1,4,2,2,1,30,1,2,1,1,1,1,1,1
109,1,14,2,10,1410,4,0,1,1,2,2,0,35,1,2,1,1,1,1,0,1
110,1,6,3,10,1449,3,0,1,2,2,2,2,31,2,2,2,1,2,0,0,1
111,2,15,2,1,392,2,3,4,4,2,4,1,23,1,0,1,1,1,1,0,1
112,1,18,2,7,6260,2,1,3,3,2,3,0,28,1,0,1,2,1,0,0,1
113,3,36,4,7,7855,2,2,4,4,2,2,0,25,0,2,2,1,1,1,0,2
114,0,12,2,6,1680,4,0,3,1,2,1,0,35,1,2,1,1,1,0,0,1
115,3,48,4,6,3578,1,0,4,3,2,1,0,47,1,2,1,1,1,1,0,1
116,0,42,2,6,7174,1,1,4,4,2,3,2,30,1,2,1,0,1,1,0,2
117,0,10,4,5,2132,1,3,2,4,0,3,0,27,1,0,2,1,1,0,1,1
118,0,33,4,5,4281,4,2,1,4,2,4,2,23,1,2,2,1,1,0,0,2
119,1,12,4,7,2366,4,1,3,2,2,3,2,36,1,2,1,0,1,1,0,1
120,0,21,2,6,1835,2,2,3,4,2,2,0,25,1,2,2,1,1,1,0,2
121,3,24,4,8,3868,2,0,4,4,2,2,2,41,1,0,2,0,1,1,0,1
122,3,12,2,5,1768,2,2,3,3,2,2,0,24,1,0,1,2,1,0,0,1
123,2,10,4,7,781,2,0,4,3,2,4,3,63,1,1,2,1,1,1,0,1
124,1,18,2,5,1924,1,3,4,4,2,3,0,27,1,0,1,1,1,0,0,2
125,0,12,4,7,2121,2,2,4,3,2,2,1,30,1,2,2,1,1,0,0,1
126,0,12,2,6,701,2,2,4,1,2,2,0,40,1,2,1,2,1,0,0,1
127,1,12,2,4,639,2,2,4,3,2,2,2,30,1,2,1,1,1,0,0,2
128,1,12,4,8,1860,2,4,4,3,2,2,2,34,1,2,2,0,1,1,0,1
129,0,12,4,7,3499,2,2,3,4,0,2,0,29,1,2,2,1,1,0,0,2
130,1,48,2,7,8487,1,1,1,4,2,2,2,24,1,2,1,1,1,0,0,1
131,0,36,3,1,6887,2,2,4,3,2,3,1,29,0,2,1,1,1,1,0,2
132,3,15,2,5,2708,2,3,2,3,2,3,1,27,2,2,2,2,1,0,0,1
133,3,18,2,5,1984,2,2,4,3,2,4,3,47,2,1,2,1,1,0,0,1
134,3,60,2,6,10144,3,1,2,4,2,4,0,21,1,2,1,1,1,1,0,1
135,3,12,4,6,1240,1,0,4,4,2,2,0,38,1,2,2,1,1,1,0,1
136,3,27,3,8,8613,0,2,2,3,2,2,2,27,1,2,2,1,1,0,0,1
137,1,12,2,6,766,4,2,4,3,2,3,0,66,1,2,1,2,1,0,0,2
138,1,15,4,6,2728,1,1,4,3,1,2,0,35,2,2,3,1,1,1,0,1
139,2,12,2,6,1881,2,2,2,4,2,2,2,44,1,0,1,2,1,1,0,1
140,2,6,2,7,709,0,3,2,1,2,2,0,27,1,2,1,3,1,0,1,1
141,1,36,2,6,4795,2,3,4,4,2,1,3,30,1,2,1,0,1,1,0,1
142,0,27,2,6,3416,2,2,3,3,2,2,2,27,1,2,1,0,1,0,0,1
143,0,18,2,5,2462,2,2,2,3,2,2,2,22,1,2,1,1,1,0,0,2
144,3,21,4,5,2288,2,3,4,4,2,4,1,23,1,2,1,1,1,1,0,1
145,1,48,1,10,3566,3,1,4,3,2,2,2,30,1,2,1,1,1,0,0,1
146,0,6,4,7,860,2,0,1,4,2,4,3,39,1,2,2,1,1,1,0,1
147,3,12,4,7,682,3,1,4,4,2,3,2,51,1,2,2,1,1,1,0,1
148,0,36,4,5,5371,2,2,3,3,1,2,1,28,1,2,2,1,1,0,0,1
149,3,18,4,6,1582,0,0,4,3,2,4,2,46,1,2,2,1,1,0,0,1
150,3,6,2,6,1346,3,0,2,3,2,4,3,42,2,1,1,1,2,1,0,1
151,3,10,2,6,1924,2,2,1,3,2,4,1,38,1,2,1,1,1,1,1,1
152,2,36,2,6,5848,2,2,4,3,2,1,2,24,1,2,1,1,1,0,0,1
153,1,24,4,8,7758,0,0,2,4,2,4,3,29,1,0,1,1,1,0,0,1
154,1,24,3,10,6967,3,1,4,3,2,4,2,36,1,0,1,0,1,1,0,1
155,0,12,2,5,1282,2,2,2,4,2,4,2,20,1,0,1,1,1,0,0,2
156,0,9,4,4,1288,3,0,3,3,1,4,0,48,1,2,2,1,2,0,1,1
157,0,12,1,9,339,2,0,4,1,2,1,2,45,2,2,1,2,1,0,0,1
158,1,24,2,7,3512,3,1,2,3,2,3,2,38,2,2,2,1,1,1,0,1
159,3,6,4,6,1898,1,2,1,3,2,2,0,34,1,2,2,2,2,0,0,1
160,3,24,4,6,2872,3,0,3,3,2,4,0,36,1,2,1,1,2,1,0,1
161,3,18,4,7,1055,2,3,4,4,2,1,1,30,1,2,2,1,1,0,0,1
162,3,15,2,3,1262,4,1,4,3,2,3,1,36,1,2,2,1,1,1,0,1
163,1,10,2,7,7308,2,4,2,3,2,4,3,70,2,1,1,0,1,1,0,1
164,3,36,2,7,909,4,0,4,3,2,4,1,36,1,2,1,1,1,0,0,1
165,3,6,2,5,2978,4,2,1,3,2,2,2,32,1,2,1,1,1,1,0,1
166,0,18,2,5,1131,2,4,4,4,2,2,2,33,1,2,1,1,1,0,0,2
167,1,11,2,5,1577,0,3,4,4,2,1,0,20,1,2,1,1,1,0,0,1
168,3,24,2,5,3972,2,1,2,4,2,4,1,25,1,0,1,1,1,1,0,1
169,1,24,4,10,1935,2,0,4,2,2,4,0,31,1,2,2,1,1,1,0,2
170,0,15,0,7,950,2,0,4,3,2,3,2,33,1,0,2,1,2,0,0,2
171,3,12,2,5,763,2,2,4,4,2,1,0,26,1,2,1,1,1,1,0,1
172,1,24,3,5,2064,2,4,3,4,2,2,1,34,1,2,1,0,1,1,0,2
173,1,8,2,6,1414,2,2,4,3,1,2,0,33,1,2,1,1,1,0,1,1
174,0,21,3,1,3414,2,3,2,3,2,1,1,26,1,2,2,1,1,0,0,2
175,3,30,1,8,7485,1,4,4,4,2,1,0,53,2,2,1,0,1,1,0,2
176,0,12,2,5,2577,2,2,2,2,2,1,2,42,1,2,1,1,1,0,0,1
177,0,6,4,6,338,4,0,4,3,2,4,2,52,1,2,2,1,1,0,0,1
178,3,12,2,6,1963,2,1,4,3,2,2,2,31,1,0,2,0,2,1,0,1
179,0,21,4,7,571,2,0,4,3,2,4,0,65,1,2,2,1,1,0,0,1
180,3,36,3,10,9572,2,3,1,2,2,1,2,28,1,2,2,1,1,0,0,2
181,1,36,3,10,4455,2,2,2,2,2,2,0,30,0,2,2,0,1,1,0,2
182,0,21,1,7,1647,1,2,4,3,2,2,1,40,1,2,2,2,2,0,0,2
183,3,24,4,5,3777,0,2,4,3,2,4,0,50,1,2,1,1,1,1,0,1
184,1,18,4,7,884,2,0,4,3,2,4,2,36,2,2,1,1,2,1,0,2
185,3,15,4,6,1360,2,2,4,3,2,2,1,31,1,2,2,1,1,0,0,1
186,1,9,1,8,5129,2,0,2,4,2,4,3,74,2,1,1,0,2,1,0,2
187,1,16,4,7,1175,2,4,2,3,2,3,2,68,1,1,3,3,1,1,0,1
188,0,12,2,6,674,3,1,4,1,2,1,1,20,1,2,1,1,1,0,0,2
189,1,18,0,5,3244,2,2,1,4,2,4,2,33,2,2,2,1,1,1,0,1
190,3,24,2,10,4591,0,2,2,3,2,3,1,54,1,2,3,0,1,1,0,2
191,1,48,0,10,3844,3,1,4,3,2,4,3,34,1,1,1,2,2,0,0,2
192,1,27,2,10,3915,2,2,4,3,2,2,2,36,1,2,1,1,2,1,0,2
193,3,6,2,6,2108,2,1,2,1,2,2,0,29,1,0,1,1,1,0,0,1
194,1,45,2,6,3031,3,2,4,3,1,4,1,21,1,0,1,1,1,0,0,2
195,1,9,4,1,1501,2,0,2,4,2,3,2,34,1,2,2,0,1,1,0,2
196,3,6,4,6,1382,2,2,1,4,2,1,2,28,1,2,2,1,1,1,0,1
197,1,12,2,5,951,3,3,4,4,2,4,2,27,2,0,4,1,1,0,0,2
198,1,24,2,8,2760,1,0,4,3,2,4,3,36,2,1,1,1,1,1,0,1
199,1,18,3,5,4297,2,0,4,2,2,3,3,40,1,2,1,0,1,1,0,2
200,3,9,4,1,936,4,0,4,3,2,2,2,52,1,2,2,1,1,1,0,1
201,0,12,2,7,1168,2,2,4,1,2,3,0,27,1,2,1,2,1,0,0,1
202,3,27,3,10,5117,2,1,3,3,2,4,2,26,1,2,2,1,1,0,0,1
203,0,12,2,9,902,2,1,4,1,2,4,1,21,1,0,1,1,1,0,0,2
204,3,12,4,7,1495,2,0,4,3,2,1,0,38,1,2,2,2,2,0,0,1
205,0,30,4,8,10623,2,0,3,3,2,4,3,38,1,1,3,0,2,1,0,1
206,3,12,4,5,1935,2,0,4,3,2,4,0,43,1,2,3,1,1,1,0,1
207,1,12,4,3,1424,2,1,4,3,2,3,1,26,1,2,1,1,1,0,0,1
208,0,24,2,10,6568,2,2,2,1,2,2,2,21,0,2,1,2,1,0,0,1
209,3,12,2,8,1413,0,1,3,3,2,2,1,55,1,2,1,1,1,0,1,1
210,3,9,4,6,3074,1,2,1,3,2,2,0,33,1,2,2,1,2,0,0,1
211,3,36,2,6,3835,1,0,2,4,2,4,0,45,1,2,1,2,1,1,0,1
212,0,27,0,10,5293,2,4,2,3,2,4,1,50,0,2,2,1,1,1,0,2
213,2,30,3,10,1908,2,0,4,3,2,4,0,66,1,2,1,0,1,1,0,2
214,3,36,4,6,3342,1,0,4,3,2,2,2,51,1,2,1,1,1,1,0,1
215,1,6,4,9,932,1,1,1,4,2,3,1,39,1,2,2,2,1,0,0,1
216,0,18,0,10,3104,2,1,3,3,2,1,1,31,2,2,1,1,1,1,0,1
217,2,36,2,6,3913,2,2,2,3,2,2,0,23,1,2,1,1,1,1,0,1
218,0,24,2,5,3021,2,2,2,2,2,2,0,24,1,0,1,2,1,0,0,1
219,3,10,2,7,1364,2,2,2,4,2,4,2,64,1,2,1,1,1,1,0,1
220,1,12,2,6,625,2,3,4,1,1,1,0,26,2,2,1,2,1,0,0,1
221,0,12,2,1,1200,1,2,4,4,2,4,1,23,2,0,1,1,1,1,0,1
222,3,12,2,6,707,2,2,4,3,2,2,0,30,2,2,2,1,1,0,0,1
223,3,24,3,10,2978,1,2,4,3,2,4,0,32,1,2,2,1,2,1,0,1
224,3,15,2,8,4657,2,2,3,3,2,2,2,30,1,2,1,1,1,1,0,1
225,3,36,0,4,2613,2,2,4,3,2,2,2,27,1,2,2,1,1,0,0,1
226,1,48,2,6,10961,0,1,1,3,0,2,3,27,2,2,2,1,1,1,0,2
227,0,12,2,5,7865,2,0,4,3,2,4,3,53,1,1,1,0,1,1,0,2
228,3,9,2,6,1478,2,1,4,3,2,2,2,22,1,2,1,1,1,0,0,2
229,0,24,2,5,3149,2,3,4,3,2,1,3,22,2,1,1,1,1,0,0,1
230,2,36,2,6,4210,2,2,4,3,2,2,2,26,1,2,1,1,1,0,0,2
231,3,9,2,7,2507,4,0,2,3,2,4,3,51,1,1,1,2,1,0,0,1
232,3,12,2,6,2141,3,1,3,3,2,1,3,35,1,2,1,1,1,0,0,1
233,1,18,2,6,866,2,2,4,1,1,2,0,25,1,2,1,2,1,0,0,1
234,3,4,4,6,1544,2,1,2,3,2,1,0,42,1,2,3,2,2,0,0,1
235,0,24,2,6,1823,2,4,4,3,2,2,2,30,0,2,1,0,2,0,0,2
236,1,6,2,7,14555,1,4,1,3,2,2,1,23,1,2,1,3,1,1,0,2
237,1,21,2,10,2767,3,0,4,2,2,2,2,61,2,0,2,2,1,0,0,2
238,3,12,4,6,1291,2,2,4,4,2,2,1,35,1,2,2,1,1,0,0,1
239,0,30,2,6,2522,2,0,1,3,1,3,1,39,1,2,1,1,2,0,0,1
240,0,24,2,7,915,1,0,4,4,2,2,2,29,2,2,1,1,1,0,0,2
241,3,6,2,6,1595,2,1,3,3,2,2,1,51,1,2,1,1,2,0,0,1
242,0,48,0,8,4605,2,0,3,3,2,4,3,24,1,1,2,1,2,0,0,2
243,3,12,4,10,1185,2,2,3,4,2,2,0,27,1,2,2,1,1,0,0,1
244,3,12,1,9,3447,4,2,4,4,2,3,0,35,1,2,1,2,2,0,0,1
245,3,24,2,10,1258,2,1,4,3,2,1,0,25,1,2,1,1,1,1,0,1
246,3,12,4,6,717,2,0,4,3,2,4,0,52,1,2,3,1,1,0,0,1
247,3,6,0,7,1204,3,2,4,3,2,1,3,35,2,0,1,1,1,0,1,1
248,2,24,2,5,1925,2,2,2,3,2,2,0,26,1,2,1,1,1,0,0,1
249,3,18,2,6,433,2,4,3,4,0,4,0,22,1,0,1,1,1,0,0,2
250,0,6,4,7,666,0,1,3,4,2,4,0,39,1,2,2,2,1,1,0,1
251,2,12,2,5,2251,2,2,1,4,2,2,2,46,1,2,1,2,1,0,0,1
252,1,30,2,7,2150,2,2,4,4,1,2,3,24,2,2,1,1,1,0,0,2
253,3,24,3,5,4151,3,2,2,3,2,3,1,35,1,2,2,1,1,0,0,1
254,1,9,2,5,2030,1,1,2,3,2,1,2,24,1,2,1,1,1,1,0,1
255,1,60,3,6,7418,1,2,1,3,2,1,0,27,1,2,1,2,1,0,0,1
256,3,24,4,6,2684,2,2,4,3,2,2,0,35,1,2,2,2,1,0,0,1
257,0,12,1,6,2149,2,2,4,2,2,1,3,29,1,1,1,1,1,0,0,2
258,3,15,2,8,3812,3,3,1,4,2,4,2,23,1,2,1,1,1,1,0,1
259,3,11,4,6,1154,3,4,4,4,2,4,0,57,1,2,3,2,1,0,0,1
260,0,12,2,5,1657,2,2,2,3,2,2,0,27,1,2,1,1,1,0,0,1
261,0,24,2,6,1603,2,0,4,4,2,4,2,55,1,2,1,1,1,0,0,1
262,0,18,4,7,5302,2,0,2,3,2,4,3,36,1,1,3,0,1,1,0,1
263,3,12,4,1,2748,2,0,2,4,2,4,3,57,2,1,3,2,1,0,0,1
264,3,10,4,7,1231,2,0,3,3,2,4,0,32,1,2,2,2,2,0,1,1
265,1,15,2,6,802,2,0,4,3,2,3,2,37,1,2,1,1,2,0,0,2
266,3,36,4,10,6304,1,0,4,3,2,4,0,36,1,2,2,1,1,0,0,1
267,3,24,2,6,1533,2,3,4,4,2,3,2,38,0,2,1,1,1,1,0,1
268,0,14,2,7,8978,2,0,1,2,2,4,1,45,1,2,1,0,1,1,1,2
269,3,24,2,6,999,1,0,4,3,2,2,2,25,1,2,2,1,1,0,0,1
270,3,18,2,7,2662,1,1,4,3,2,3,1,32,1,2,1,1,1,0,1,1
271,3,12,4,5,1402,4,1,3,4,2,4,2,37,1,0,1,1,1,1,0,1
272,1,48,1,7,12169,1,4,4,3,0,4,3,36,1,1,1,0,1,1,0,1
273,1,48,2,6,3060,2,1,4,3,2,4,0,28,1,2,2,1,1,0,0,2
274,0,30,2,4,11998,2,3,1,2,2,1,3,34,1,2,1,2,1,1,0,2
275,3,9,2,6,2697,2,2,1,3,2,2,0,32,1,2,1,1,2,0,0,1
276,3,18,4,6,2404,2,2,2,4,2,2,2,26,1,2,2,1,1,0,0,1
277,0,12,2,5,1262,1,0,2,2,2,4,1,49,1,2,1,2,1,1,0,1
278,3,6,2,5,4611,2,3,1,4,2,4,1,32,1,2,1,1,1,0,0,2
279,3,24,2,6,1901,3,2,4,3,2,4,2,29,1,0,1,0,1,1,0,1
280,3,15,4,8,3368,0,0,3,3,2,4,3,23,1,0,2,1,1,1,0,1
281,3,12,2,5,1574,2,2,4,3,2,2,0,50,1,2,1,1,1,0,0,1
282,2,18,1,6,1445,1,1,4,3,2,4,2,49,2,2,1,2,1,0,0,1
283,3,15,4,5,1520,1,0,4,3,2,4,1,63,1,2,1,1,1,0,0,1
284,1,24,4,7,3878,3,3,4,2,2,2,2,37,1,2,1,1,1,1,0,1
285,0,47,2,7,10722,2,3,1,4,2,1,0,35,1,2,1,2,1,1,0,1
286,0,48,2,8,4788,2,1,4,3,2,3,1,26,1,2,1,1,2,0,0,1
287,1,48,3,0,7582,3,4,2,3,2,4,3,31,1,1,1,0,1,1,0,1
288,1,12,2,6,1092,2,2,4,4,1,4,0,49,1,2,2,1,1,1,0,1
289,0,24,3,6,1024,2,3,4,1,2,4,0,48,0,2,1,1,1,0,0,2
290,3,12,2,10,1076,2,2,2,1,2,2,0,26,1,2,1,1,1,1,1,1
291,1,36,2,8,9398,2,3,1,1,2,4,2,28,1,0,1,0,1,1,0,2
292,0,24,4,8,6419,2,0,2,4,2,4,3,44,1,1,2,0,2,1,0,1
293,2,42,4,8,4796,2,0,4,3,2,4,3,56,1,1,1,1,1,0,0,1
294,3,48,4,10,7629,1,0,4,2,2,2,2,46,2,2,2,0,2,0,0,1
295,1,48,2,5,9960,2,3,1,4,2,2,2,26,1,2,1,1,1,1,0,2
296,3,12,2,8,4675,1,3,1,4,2,4,2,20,1,0,1,1,1,0,0,1
297,3,10,2,7,1287,1,0,4,3,0,2,1,45,1,2,1,2,1,0,1,1
298,3,18,2,5,2515,2,2,3,3,2,4,0,43,1,2,1,1,1,1,0,1
299,1,21,4,5,2745,0,1,3,3,2,2,2,32,1,2,2,1,1,1,0,1
300,3,6,2,7,672,2,4,1,4,2,4,0,54,1,2,1,3,1,1,0,1
301,1,36,0,6,3804,2,2,4,4,2,1,2,42,1,2,1,1,1,1,0,2
302,2,24,4,7,1344,1,1,4,3,2,2,0,37,2,2,2,2,2,0,0,2
303,0,10,4,7,1038,2,1,4,3,0,3,1,49,1,2,2,1,1,1,0,1
304,3,48,4,7,10127,4,2,2,3,2,2,3,44,2,1,1,1,1,0,0,2
305,3,6,2,5,1543,0,2,4,2,2,2,0,33,1,2,1,1,1,0,0,1
306,3,30,2,8,4811,1,1,2,4,2,4,1,24,0,0,1,2,1,0,0,1
307,0,12,2,6,727,3,3,4,1,2,3,3,33,1,2,1,2,1,1,0,2
308,1,8,2,5,1237,2,2,3,4,2,4,0,24,1,2,1,1,1,0,0,2
309,1,9,2,7,276,2,2,4,1,2,4,0,22,1,0,1,2,1,0,0,1
310,1,48,2,0,5381,1,4,3,3,2,4,3,40,2,1,1,3,1,1,0,1
311,3,24,2,5,5511,3,2,4,3,2,1,2,25,0,2,1,1,1,0,0,1
312,2,24,2,5,3749,2,3,2,4,2,4,2,26,1,2,1,1,1,0,0,1
313,1,12,2,7,685,2,1,2,1,2,3,2,25,2,2,1,2,1,0,0,2
314,2,4,2,7,1494,1,3,1,3,2,2,0,29,1,2,1,2,2,0,1,1
315,0,36,1,5,2746,2,0,4,3,2,4,2,31,2,2,1,1,1,0,0,2
316,0,12,2,5,708,2,2,2,3,1,3,1,38,1,2,1,2,2,0,0,1
317,1,24,2,5,4351,1,2,1,4,2,4,1,48,1,2,1,2,1,1,0,1
318,3,12,4,1,701,2,2,4,3,2,2,2,32,1,2,2,1,1,0,0,1
319,0,15,3,5,3643,2,0,1,4,2,4,1,27,1,2,2,2,1,0,0,1
320,1,30,4,7,4249,2,4,4,1,2,2,2,28,1,2,2,0,1,0,0,2
321,0,24,2,6,1938,2,3,4,2,2,3,1,32,1,2,1,1,1,0,0,2
322,0,24,2,8,2910,2,1,2,3,2,1,3,34,1,1,1,0,1,1,0,1
323,0,18,2,5,2659,0,2,4,3,2,2,2,28,1,2,1,1,1,0,0,1
324,3,18,4,7,1028,2,2,4,4,2,3,0,36,1,2,2,1,1,0,0,1
325,0,8,4,7,3398,2,1,1,3,2,4,0,39,1,2,2,2,1,0,1,1
326,3,12,4,5,5801,1,0,2,3,2,4,1,49,1,0,1,1,1,1,0,1
327,3,24,2,7,1525,0,1,4,4,2,3,2,34,1,2,1,1,2,1,0,1
328,2,36,2,6,4473,2,0,4,3,2,2,2,31,1,2,1,1,1,0,0,1
329,1,6,2,6,1068,2,0,4,3,2,4,2,28,1,2,1,1,2,0,0,1
330,0,24,4,8,6615,2,4,2,3,2,4,3,75,1,1,2,0,1,1,0,1
331,3,18,4,1,1864,3,2,4,4,2,2,0,30,1,2,2,1,1,0,0,2
332,1,60,2,7,7408,3,3,4,4,2,2,1,24,1,2,1,0,1,0,0,2
333,3,48,4,8,11590,3,2,2,4,2,4,2,24,2,0,2,2,1,0,0,2
334,0,24,0,5,4110,2,0,3,3,2,4,3,23,2,0,2,1,2,0,0,2
335,0,6,4,5,3384,2,2,1,2,2,4,0,44,1,0,1,0,1,1,0,2
336,1,13,2,6,2101,2,3,2,4,1,4,1,23,1,2,1,2,1,0,0,1
337,0,15,2,3,1275,1,2,4,4,2,2,2,24,1,0,1,1,1,0,0,2
338,0,24,2,5,4169,2,2,4,3,2,4,1,28,1,2,1,1,1,0,0,1
339,1,10,2,5,1521,2,2,4,2,2,2,2,31,1,2,1,2,1,0,0,1
340,1,24,4,1,5743,2,3,2,4,2,4,3,24,1,1,2,1,1,1,0,1
341,0,21,2,5,3599,2,1,1,4,2,4,2,26,1,0,1,2,1,0,0,1
342,1,18,2,6,3213,4,3,1,1,2,3,0,25,1,0,1,1,1,0,0,1
343,1,18,2,10,4439,2,0,1,3,0,1,0,33,2,2,1,0,1,1,0,1
344,2,10,2,7,3949,2,3,1,3,1,1,1,37,1,2,1,2,2,0,0,1
345,3,15,4,6,1459,2,2,4,4,2,2,2,43,1,2,1,2,1,0,0,1
346,1,13,4,6,882,2,3,4,3,1,4,0,23,1,2,2,1,1,0,0,1
347,1,24,2,6,3758,4,4,1,4,2,4,3,23,1,0,1,3,1,0,0,1
348,3,6,3,10,1743,3,2,1,3,2,2,0,34,1,2,2,2,1,0,0,1
349,1,9,4,1,1136,0,0,4,3,2,3,3,32,1,1,2,1,2,0,0,2
350,3,9,2,3,1236,2,3,1,4,2,4,0,23,1,0,1,1,1,1,0,1
351,1,9,2,5,959,2,2,1,4,2,2,2,29,1,2,1,1,1,0,1,2
352,3,18,4,8,3229,1,4,2,3,2,4,3,38,1,2,1,0,1,1,0,1
353,0,12,0,6,6199,2,2,4,3,2,2,1,28,1,0,2,1,1,1,0,2
354,3,10,2,1,727,4,0,4,3,2,4,3,46,1,1,1,1,1,1,0,1
355,1,24,2,7,1246,2,3,4,3,2,2,0,23,0,2,1,2,1,0,0,2
356,3,12,4,6,2331,1,0,1,3,0,4,0,49,1,2,1,1,1,1,0,1
357,3,36,3,6,4463,2,2,4,3,2,2,2,26,1,2,2,0,1,1,0,2
358,3,12,2,6,776,2,2,4,1,2,2,0,28,1,2,1,1,1,0,0,1
359,0,30,2,5,2406,2,1,4,4,2,4,0,23,1,0,1,1,1,0,0,2
360,1,18,2,1,1239,1,2,4,3,2,4,3,61,1,1,1,1,1,0,0,1
361,2,12,2,6,3399,1,0,2,3,2,3,2,37,1,2,1,0,1,0,0,1
362,2,12,3,7,2247,2,2,2,4,2,2,2,36,0,2,2,1,1,1,0,1
363,3,6,2,5,1766,2,2,1,1,2,2,1,21,1,0,1,1,1,0,0,1
364,0,18,2,5,2473,2,4,4,3,2,1,2,25,1,2,1,3,1,0,0,2
365,3,12,2,10,1542,2,1,2,3,2,4,2,36,1,2,1,1,1,1,0,1
366,3,18,4,8,3850,2,1,3,3,2,1,2,27,1,2,2,1,1,0,0,1
367,0,18,2,5,3650,2,3,1,4,2,4,2,22,1,0,1,1,1,0,0,1
368,0,36,2,5,3446,2,0,4,3,2,2,2,42,1,2,1,1,2,0,0,2
369,1,18,2,5,3001,2,1,2,4,2,4,0,40,1,0,1,1,1,0,0,1
370,3,36,2,7,3079,1,2,4,3,2,4,0,36,1,2,1,1,1,0,0,1
371,3,18,4,6,6070,2,0,3,3,2,4,2,33,1,2,2,1,1,1,0,1
372,3,10,4,5,2146,2,3,1,4,2,3,0,23,1,0,2,1,1,0,0,1
373,3,60,4,7,13756,1,0,2,3,2,4,3,63,2,1,1,0,1,1,0,1
374,1,60,1,0,14782,3,0,3,4,2,4,3,60,2,1,2,0,1,1,0,2
375,0,48,1,10,7685,2,1,2,4,1,4,2,37,1,0,1,1,1,0,0,2
376,3,18,3,6,2320,2,4,2,1,2,3,0,34,1,2,2,1,1,0,0,1
377,3,7,3,6,846,1,0,3,3,2,4,3,36,1,1,1,1,1,0,0,1
378,1,36,2,7,14318,2,0,4,3,2,2,3,57,1,1,1,0,1,1,0,2
379,3,6,4,7,362,3,2,4,4,2,4,2,52,1,2,2,2,1,0,0,1
380,0,20,2,5,2212,1,1,4,3,2,4,2,39,1,2,1,1,1,1,0,1
381,1,18,2,8,12976,2,4,3,4,2,4,3,38,1,1,1,0,1,1,0,2
382,3,22,2,7,1283,1,1,4,4,2,4,1,25,1,0,1,1,1,0,0,1
383,2,12,2,7,1330,2,3,4,3,2,1,0,26,1,2,1,1,1,0,0,1
384,3,30,3,10,4272,3,2,2,3,2,2,1,26,1,2,2,2,1,0,0,1
385,3,18,4,6,2238,2,2,2,4,2,1,2,25,1,2,2,1,1,0,0,1
386,3,18,2,6,1126,1,3,4,4,2,2,0,21,1,0,1,1,1,1,0,1
387,1,18,4,5,7374,2,4,4,3,2,4,1,40,0,2,2,0,1,1,0,1
388,1,15,4,10,2326,4,2,2,3,2,4,2,27,2,2,1,1,1,0,0,1
389,3,9,2,10,1449,2,1,3,4,2,2,2,27,1,2,2,1,1,0,0,1
390,3,18,2,7,1820,2,2,2,1,2,2,1,30,1,2,1,0,1,1,0,1
391,1,12,2,5,983,0,3,1,4,2,4,0,19,1,0,1,2,1,0,0,1
392,0,36,2,7,3249,2,1,2,3,2,4,3,39,2,1,1,0,2,1,0,1
393,0,6,4,6,1957,2,1,1,4,2,4,2,31,1,2,1,1,1,0,0,1
394,3,9,4,5,2406,2,4,2,3,2,3,2,31,1,2,1,0,1,0,0,1
395,1,39,3,1,11760,3,1,2,3,2,3,3,32,1,0,1,1,1,1,0,1
396,0,12,2,5,2578,2,4,3,4,2,4,3,55,1,1,1,0,1,0,0,1
397,0,36,4,5,2348,2,2,3,1,2,2,1,46,1,2,2,1,1,1,0,1
398,1,12,2,7,1223,2,0,1,2,2,1,0,46,1,0,2,1,1,0,0,2
399,3,24,4,6,1516,0,2,4,4,2,1,0,43,1,2,2,2,1,0,0,1
400,3,18,2,6,1473,2,3,3,1,2,4,0,39,1,2,1,1,1,1,0,1
401,1,18,4,10,1887,1,2,4,1,2,4,0,28,2,2,2,1,1,0,0,1
402,3,24,3,10,8648,2,3,2,3,2,2,2,27,2,2,2,1,1,1,0,2
403,3,14,3,7,802,2,2,4,3,2,2,2,27,1,2,2,2,1,0,0,1
404,1,18,3,7,2899,1,0,4,3,2,4,2,43,1,2,1,1,2,0,0,1
405,1,24,2,6,2039,2,3,1,1,2,1,1,22,1,2,1,1,1,1,0,2
406,3,24,4,8,2197,1,1,4,3,2,4,2,43,1,2,2,1,2,1,0,1
407,0,15,2,6,1053,2,3,4,1,2,2,0,27,1,2,1,1,1,0,1,1
408,3,24,2,6,3235,4,0,3,2,2,2,2,26,1,2,1,0,1,1,0,1
409,2,12,4,7,939,4,1,4,1,2,2,0,28,1,2,3,1,1,1,0,2
410,1,24,2,6,1967,2,0,4,4,2,4,2,20,1,2,1,1,1,1,0,1
411,3,33,4,8,7253,2,1,3,3,2,2,2,35,1,2,2,0,1,1,0,1
412,3,12,4,10,2292,2,4,4,3,2,2,2,42,0,2,2,0,1,1,0,2
413,3,10,2,7,1597,4,2,3,3,2,2,3,40,1,0,1,2,2,0,1,1
414,0,24,2,7,1381,1,2,4,4,2,2,1,35,1,2,1,1,1,0,0,2
415,3,36,4,8,5842,2,0,2,3,2,2,1,35,1,2,2,1,2,1,0,1
416,0,12,2,7,2579,2,3,4,3,2,1,0,33,1,2,1,2,2,0,0,2
417,0,18,3,1,8471,1,2,1,4,2,2,2,23,1,0,2,1,1,1,0,1
418,3,21,2,7,2782,4,1,1,4,2,2,2,31,2,2,1,0,1,0,0,1
419,1,18,2,7,1042,1,2,4,4,2,2,1,33,1,2,1,1,1,0,0,2
420,3,15,2,7,3186,0,1,2,4,2,3,2,20,1,0,1,1,1,0,0,1
421,1,12,2,8,2028,1,2,4,3,2,2,2,30,1,2,1,1,1,0,0,1
422,1,12,4,7,958,2,1,2,3,2,3,0,47,1,2,2,2,2,0,0,1
423,3,21,3,5,1591,3,1,4,3,2,3,0,34,1,2,2,0,1,0,0,1
424,1,12,2,5,2762,1,0,1,4,2,2,1,25,2,2,1,1,1,1,0,2
425,1,18,2,8,2779,2,2,1,1,2,3,2,21,1,0,1,1,1,1,0,1
426,3,28,4,6,2743,2,0,4,3,2,2,2,29,1,2,2,1,1,0,0,1
427,3,18,4,6,1149,0,2,4,3,2,3,0,46,1,2,2,1,1,0,0,1
428,3,9,2,5,1313,2,0,1,3,2,4,2,20,1,2,1,1,1,0,0,1
429,0,18,4,4,1190,2,4,2,4,2,4,3,55,1,1,3,3,2,0,0,2
430,3,5,2,10,3448,2,1,1,3,2,4,0,74,1,2,1,2,1,0,0,1
431,1,24,2,0,11328,2,2,2,3,0,3,2,29,2,2,2,0,1,1,0,2
432,0,6,4,5,1872,2,4,4,3,2,4,3,36,1,1,3,0,1,1,0,1
433,3,24,4,4,2058,2,2,4,2,2,2,0,33,1,2,2,1,1,1,0,1
434,0,9,2,5,2136,2,2,3,3,2,2,0,25,1,2,1,1,1,0,0,1
435,1,12,2,6,1484,1,2,2,1,2,1,0,25,1,2,1,1,1,1,0,2
436,3,6,2,4,660,4,1,2,1,2,4,0,23,1,0,1,2,1,0,0,1
437,3,24,4,7,1287,0,0,4,4,2,4,0,37,1,2,2,1,1,1,0,1
438,0,42,4,4,3394,2,4,4,3,0,4,2,65,1,2,2,3,1,0,0,1
439,2,12,1,10,609,2,3,4,4,2,1,0,26,1,2,1,3,1,0,0,2
440,3,12,2,7,1884,2,0,4,3,2,4,2,39,1,2,1,0,1,1,0,1
441,0,12,2,5,1620,2,2,2,4,0,3,1,30,1,2,1,1,1,0,0,1
442,1,20,3,0,2629,2,2,2,3,2,3,2,29,2,2,2,1,1,1,0,1
443,3,12,2,1,719,2,0,4,3,2,4,2,41,2,2,1,2,2,0,0,2
444,1,48,4,5,5096,2,2,2,4,2,3,2,30,1,2,1,0,1,1,0,2
445,3,9,4,1,1244,1,0,4,4,2,4,1,41,1,0,2,2,1,0,0,1
446,0,36,2,7,1842,2,3,4,4,2,4,2,34,1,2,1,1,1,1,0,2
447,1,7,2,6,2576,2,2,2,3,1,2,0,35,1,2,1,1,1,0,0,1
448,2,12,2,5,1424,1,0,3,4,2,4,0,55,1,2,1,0,1,1,0,1
449,1,15,3,4,1512,0,2,3,1,2,3,1,61,0,2,2,1,1,0,0,2
450,3,36,4,8,11054,1,2,4,3,2,2,2,30,1,2,1,0,1,1,0,1
451,3,6,2,6,518,2,2,3,4,2,1,0,29,1,2,1,1,1,0,0,1
452,3,12,0,5,2759,2,0,2,3,2,4,1,34,1,2,2,1,1,0,0,1
453,3,24,2,8,2670,2,0,4,3,2,4,2,35,1,2,1,0,1,1,0,1
454,0,24,2,7,4817,2,1,2,3,0,3,1,31,1,2,1,1,1,1,0,2
455,3,24,2,8,2679,2,3,4,4,2,1,3,29,1,2,1,0,1,1,0,1
456,0,11,4,7,3905,2,2,2,3,2,2,0,36,1,0,2,1,2,0,0,1
457,0,12,2,8,3386,2,0,3,3,2,4,3,35,1,1,1,1,1,1,0,2
458,0,6,2,3,343,2,3,4,4,2,1,0,27,1,2,1,1,1,0,0,1
459,3,18,2,6,4594,2,3,3,3,2,2,2,32,1,2,1,1,1,1,0,1
460,0,36,2,5,3620,2,2,1,3,1,2,1,37,1,2,1,1,2,0,0,1
461,0,15,2,7,1721,2,3,2,3,2,3,0,36,1,2,1,1,1,0,0,1
462,1,12,2,5,3017,2,3,3,4,2,1,0,34,1,0,1,0,1,0,0,1
463,1,12,2,9,754,1,0,4,3,2,4,1,38,1,2,2,1,1,0,0,1
464,3,18,2,10,1950,2,1,4,3,2,1,2,34,0,2,2,1,1,1,0,1
465,0,24,2,8,2924,2,2,3,3,1,4,3,63,2,2,1,1,2,1,0,1
466,0,24,3,6,1659,2,3,4,4,2,2,2,29,1,0,1,2,1,1,0,2
467,3,48,3,6,7238,1,0,3,3,2,3,2,32,2,2,2,1,2,0,0,1
468,3,33,3,10,2764,2,2,2,4,2,2,2,26,1,2,2,1,1,1,0,1
469,3,24,3,8,4679,2,1,3,3,2,3,2,35,1,2,2,2,1,1,0,1
470,1,24,2,6,3092,3,3,3,1,2,2,2,22,1,0,1,1,1,1,0,2
471,0,6,2,1,448,2,3,4,4,2,4,1,23,1,2,1,1,1,0,0,2
472,0,9,2,7,654,2,2,4,3,2,3,2,28,1,2,1,2,1,0,0,2
473,3,6,2,9,1238,1,4,4,3,2,4,1,36,1,2,1,0,2,1,0,1
474,1,18,4,6,1245,2,2,4,1,2,2,2,33,1,2,1,1,1,0,0,2
475,0,18,0,5,3114,2,3,1,4,2,4,1,26,1,0,1,1,1,0,0,2
476,3,39,2,8,2569,4,2,4,3,2,4,2,24,1,2,1,1,1,0,0,1
477,2,24,2,6,5152,2,1,4,3,2,2,2,25,2,2,1,1,1,0,0,1
478,1,12,2,10,1037,3,1,3,3,2,4,0,39,1,2,1,2,1,0,0,1
479,0,15,4,5,1478,2,0,4,3,2,4,2,44,1,2,2,1,2,1,0,1
480,1,12,4,6,3573,2,2,1,4,2,1,0,23,1,2,1,2,1,0,0,1
481,1,24,2,7,1201,2,3,4,3,2,1,1,26,1,2,1,1,1,0,0,1
482,0,30,2,5,3622,0,0,4,4,2,4,1,57,1,0,2,1,1,1,0,1
483,3,15,3,5,960,0,1,3,4,2,2,1,30,1,2,2,1,1,0,0,1
484,3,12,4,7,1163,4,2,4,3,2,4,0,44,1,2,1,1,1,1,0,1
485,1,6,3,7,1209,2,4,4,3,2,4,1,47,1,2,1,0,1,1,0,2
486,3,12,2,6,3077,2,2,2,3,2,4,2,52,1,2,1,1,1,1,0,1
487,3,24,2,7,3757,2,0,4,4,0,4,3,62,1,1,1,1,1,1,0,1
488,3,10,2,7,1418,3,2,3,3,2,2,0,35,1,0,1,2,1,0,1,1
489,3,6,2,7,3518,2,2,2,3,1,3,1,26,1,0,1,1,1,0,0,1
490,3,12,4,6,1934,2,0,2,3,2,2,3,26,1,2,2,1,1,0,0,1
491,1,27,0,10,8318,2,0,2,4,2,4,3,42,1,1,2,0,1,1,0,2
492,3,6,4,6,1237,3,2,1,4,2,1,1,27,1,2,2,1,1,0,0,1
493,1,6,2,6,368,1,0,4,3,2,4,1,38,1,2,1,1,1,0,0,1
494,0,12,4,7,2122,2,2,3,3,2,2,0,39,1,0,2,2,2,0,1,1
495,0,24,2,5,2996,1,2,2,1,2,4,2,20,1,2,1,1,1,0,0,2
496,1,36,2,5,9034,3,3,4,3,0,1,3,29,1,0,1,0,1,1,0,2
497,3,24,4,5,1585,2,1,4,3,2,3,1,40,1,2,2,1,1,0,0,1
498,1,18,2,6,1301,2,0,4,1,1,2,0,32,1,2,1,2,1,0,0,1
499,2,6,4,7,1323,3,0,2,2,2,4,2,28,1,2,2,1,2,1,0,1
500,0,24,2,7,3123,2,3,4,4,2,1,1,27,1,2,1,1,1,0,0,2
501,0,36,2,8,5493,2,0,2,3,2,4,3,42,1,1,1,1,2,0,0,1
502,2,9,2,6,1126,3,0,2,2,2,4,0,49,1,2,1,1,1,0,0,1
503,1,24,4,6,1216,3,3,4,3,2,4,3,38,2,2,2,1,2,0,0,2
504,0,24,2,7,1207,2,3,4,4,2,4,1,24,1,0,1,1,1,0,0,2
505,3,10,2,7,1309,1,2,4,3,1,4,1,27,1,2,1,2,1,0,0,2
506,2,15,4,8,2360,4,2,2,3,2,2,2,36,1,2,1,1,1,1,0,1
507,1,15,1,7,6850,3,4,1,3,2,2,1,34,1,2,1,0,2,1,0,2
508,3,24,2,6,1413,2,2,4,1,2,2,1,28,1,2,1,1,1,0,0,1
509,3,39,2,8,8588,3,0,4,3,2,2,2,45,1,2,1,0,1,1,0,1
510,0,12,2,7,759,2,1,4,3,2,2,0,26,1,2,1,1,1,0,0,2
511,3,36,2,8,4686,2,2,2,3,2,2,3,32,1,1,1,0,1,1,0,1
512,2,15,2,10,2687,2,1,2,3,2,4,1,26,1,0,1,1,1,1,0,1
513,1,12,3,6,585,2,2,4,1,0,4,0,20,1,0,2,1,1,0,0,1
514,3,24,2,7,2255,1,3,4,3,2,1,1,54,1,2,1,1,1,0,0,1
515,0,6,4,7,609,2,1,4,4,2,3,1,37,1,2,2,1,1,0,1,1
516,0,6,4,7,1361,2,3,2,3,2,4,0,40,1,2,1,2,2,0,1,1
517,3,36,4,5,7127,2,3,2,4,2,4,1,23,1,0,2,1,1,1,0,2
518,0,6,2,7,1203,3,0,3,3,2,2,1,43,1,2,1,1,1,1,0,1
519,3,6,4,6,700,1,0,4,3,2,4,3,36,1,1,2,1,1,0,0,1
520,3,24,4,4,5507,2,0,3,3,2,4,3,44,1,1,2,1,1,0,0,1
521,0,18,2,6,3190,2,2,2,4,2,2,0,24,1,2,1,1,1,0,0,2
522,0,48,0,5,7119,2,2,3,3,2,4,3,53,1,1,2,1,2,0,0,2
523,3,24,2,8,3488,3,1,3,4,2,4,2,23,1,2,1,1,1,0,0,1
524,1,18,2,6,1113,2,2,4,4,1,4,0,26,1,2,1,2,2,0,0,1
525,1,26,2,8,7966,2,3,2,3,2,3,2,30,1,2,2,1,1,0,0,1
526,3,15,4,1,1532,3,2,4,4,2,3,2,31,1,2,1,1,1,0,0,1
527,3,4,4,6,1503,2,1,2,3,2,1,0,42,1,2,2,2,2,0,0,1
528,0,36,2,6,2302,2,2,4,2,2,4,2,31,1,0,1,1,1,0,0,2
529,0,6,2,7,662,2,3,3,3,2,4,0,41,1,2,1,2,2,1,0,1
530,1,36,2,1,2273,2,1,3,3,2,1,2,32,1,2,2,1,2,0,0,1
531,1,15,2,7,2631,3,2,2,4,2,4,2,28,1,0,2,1,1,1,0,2
532,3,12,3,8,1503,2,2,4,1,2,4,0,41,1,0,1,1,1,0,0,1
533,3,24,2,6,1311,3,1,4,1,2,3,1,26,1,2,1,1,1,1,0,1
534,3,24,2,6,3105,1,3,4,3,2,2,2,25,1,2,2,1,1,0,0,1
535,2,21,4,1,2319,2,3,2,2,2,1,2,33,1,0,1,1,1,0,0,2
536,0,6,2,7,1374,1,4,4,4,2,3,1,75,1,2,1,0,1,1,0,1
537,1,18,4,5,3612,2,0,3,4,2,4,1,37,1,2,1,1,1,1,0,1
538,0,48,2,7,7763,2,0,4,3,2,4,3,42,2,1,1,0,1,0,0,2
539,2,18,2,5,3049,2,3,1,4,2,1,1,45,0,2,1,2,1,0,0,1
540,1,12,2,6,1534,2,3,1,1,2,1,0,23,1,0,1,1,1,0,0,2
541,3,24,3,7,2032,2,0,4,3,2,4,3,60,1,1,2,1,1,1,0,1
542,0,30,2,5,6350,1,0,4,3,2,4,1,31,1,2,1,1,1,0,0,2
543,2,18,2,5,2864,2,2,2,3,2,1,0,34,1,2,1,2,2,0,0,2
544,3,12,4,7,1255,2,0,4,3,2,4,0,61,1,2,2,2,1,0,0,1
545,0,24,3,7,1333,2,4,4,3,2,2,0,43,1,1,2,1,2,0,0,2
546,3,24,4,7,2022,2,2,4,4,2,4,2,37,1,2,1,1,1,1,0,1
547,3,24,2,6,1552,2,1,3,3,2,1,2,32,2,2,1,1,2,0,0,1
548,0,12,1,6,626,2,2,4,4,2,4,0,24,2,2,1,2,1,0,0,2
549,3,48,4,8,8858,1,1,2,3,2,1,3,35,1,1,2,1,1,1,0,1
550,3,12,4,4,996,1,1,4,4,2,4,0,23,1,2,2,1,1,0,0,1
551,3,6,1,6,1750,4,0,2,3,2,4,1,45,2,2,1,2,2,0,0,1
552,0,48,2,6,6999,2,1,1,1,1,1,0,34,1,2,2,1,1,1,0,2
553,1,12,4,7,1995,3,3,4,3,2,1,2,27,1,2,1,1,1,0,0,1
554,1,9,2,1,1199,2,1,4,4,2,4,1,67,1,2,2,0,1,1,0,1
555,1,12,2,6,1331,2,3,2,3,2,1,2,22,0,2,1,1,1,0,0,2
556,1,18,0,7,2278,3,3,3,4,2,3,2,28,1,2,2,1,1,0,0,2
557,3,21,0,7,5003,1,2,1,4,2,4,1,29,2,2,2,1,1,1,0,2
558,0,24,1,5,3552,2,1,3,3,2,4,2,27,2,2,1,1,1,0,0,2
559,1,18,4,5,1928,2,3,2,3,2,2,0,31,1,2,2,2,1,0,0,2
560,0,24,2,8,2964,1,0,4,3,2,4,3,49,2,1,1,1,2,1,0,1
561,0,24,1,6,1546,2,1,4,3,1,4,2,24,2,0,1,2,1,0,0,2
562,2,6,3,6,683,2,3,2,4,2,1,1,29,2,2,1,1,1,0,0,1
563,1,36,2,7,12389,1,2,1,3,2,4,3,37,1,1,1,1,1,1,0,2
564,1,24,3,10,4712,1,2,4,3,2,2,1,37,2,2,2,0,1,1,0,1
565,1,24,3,6,1553,3,1,3,4,2,2,1,23,1,0,2,1,1,1,0,1
566,0,12,2,7,1372,2,1,2,2,2,3,2,36,1,2,1,1,1,0,0,2
567,3,24,4,6,2578,0,0,2,3,2,2,2,34,1,2,1,1,1,0,0,1
568,1,48,2,6,3979,1,1,4,3,2,1,2,41,1,2,2,1,2,1,0,1
569,0,48,2,6,6758,2,2,3,4,2,2,2,31,1,2,1,1,1,1,0,2
570,0,24,2,5,3234,2,3,4,4,2,4,0,23,1,0,1,2,1,1,0,2
571,3,30,4,6,5954,2,1,3,3,0,2,2,38,1,2,1,1,1,0,0,1
572,3,24,2,8,5433,1,4,2,4,2,4,1,26,1,0,1,0,1,1,0,1
573,0,15,2,10,806,2,2,4,4,2,4,1,22,1,2,1,2,1,0,0,1
574,1,9,2,6,1082,2,0,4,3,2,4,2,27,1,2,2,2,1,0,0,1
575,3,15,4,5,2788,2,1,2,4,0,3,2,24,2,2,2,1,1,0,0,1
576,1,12,2,6,2930,2,1,2,4,2,1,0,27,1,2,1,1,1,0,0,1
577,3,24,4,1,1927,1,2,3,4,2,2,2,33,1,2,2,1,1,1,0,1
578,1,36,4,7,2820,2,3,4,2,2,4,2,27,1,2,2,1,1,0,0,2
579,3,24,2,9,937,2,3,4,1,2,3,2,27,1,2,2,2,1,0,0,1
580,1,18,4,7,1056,2,0,3,3,1,3,0,30,2,2,2,1,1,0,0,2
581,1,12,4,7,3124,2,3,1,3,2,3,0,49,2,2,2,2,2,0,0,1
582,3,9,2,5,1388,2,2,4,4,2,2,0,26,1,0,1,1,1,0,0,1
583,1,36,2,4,2384,2,3,4,3,2,1,3,33,1,0,1,2,1,0,0,2
584,3,12,2,7,2133,1,0,4,4,2,4,3,52,1,1,1,0,1,1,0,1
585,0,18,2,5,2039,2,2,1,4,2,4,0,20,2,0,1,1,1,0,0,2
586,0,9,4,7,2799,2,2,2,3,2,2,0,36,1,0,2,1,2,0,0,1
587,0,12,2,5,1289,2,2,4,3,1,1,1,21,1,2,1,2,1,0,0,1
588,0,18,2,3,1217,2,2,4,1,2,3,0,47,1,2,1,2,1,1,0,2
589,0,12,4,5,2246,2,0,3,3,2,3,1,60,1,2,2,1,1,0,0,2
590,0,12,4,6,385,2,1,4,4,2,3,0,58,1,2,4,2,1,1,0,1
591,1,24,3,7,1965,1,2,4,4,2,4,2,42,1,0,2,1,1,1,0,1
592,3,21,2,10,1572,0,0,4,4,2,4,0,36,2,2,1,2,1,0,0,1
593,1,24,2,7,2718,2,2,3,4,2,4,1,20,1,0,1,2,1,1,0,2
594,0,24,1,0,1358,1,0,4,3,2,3,2,40,0,2,1,0,1,1,0,2
595,1,6,1,7,931,3,3,1,4,2,1,1,32,0,2,1,2,1,0,0,2
596,0,24,2,7,1442,2,1,4,4,2,4,2,23,1,0,2,1,1,0,0,2
597,1,24,0,10,4241,2,2,1,3,2,4,0,36,1,2,3,2,1,1,0,2
598,3,18,4,7,2775,2,1,2,3,2,2,1,31,2,2,2,1,1,0,0,2
599,3,24,3,10,3863,2,2,1,3,2,2,3,32,1,1,1,1,1,0,0,1
600,1,7,2,6,2329,2,3,1,4,1,1,0,45,1,2,1,1,1,0,0,1
601,1,9,2,5,918,2,2,4,4,2,1,1,30,1,2,1,1,1,0,0,2
602,1,24,1,1,1837,2,1,4,4,2,4,3,34,2,1,1,2,1,0,0,2
603,3,36,2,5,3349,2,2,4,4,2,2,2,28,1,2,1,0,1,1,0,2
604,2,10,2,5,1275,2,3,4,4,2,2,1,23,1,2,1,1,1,0,0,1
605,0,24,1,5,2828,4,2,4,3,2,4,0,22,0,2,1,1,1,1,0,1
606,3,24,4,10,4526,2,2,3,3,2,2,0,74,1,2,1,0,1,1,0,1
607,1,36,2,6,2671,3,2,4,4,0,4,3,50,1,1,1,1,1,0,0,2
608,3,18,2,6,2051,2,3,4,3,2,1,0,33,1,2,1,1,1,0,0,1
609,3,15,2,8,1300,1,0,4,3,2,4,3,45,2,1,1,1,2,0,0,1
610,0,12,2,3,741,3,4,4,4,2,3,1,22,1,2,1,1,1,0,0,2
611,2,10,2,7,1240,3,0,1,4,2,4,3,48,1,1,1,2,2,0,0,2
612,0,21,2,6,3357,0,3,4,4,2,2,2,29,2,2,1,1,1,0,0,1
613,0,24,1,8,3632,2,2,1,4,1,4,2,22,2,0,1,1,1,0,1,1
614,3,18,3,5,1808,2,1,4,4,2,1,0,22,1,2,1,1,1,0,0,2
615,1,48,0,10,12204,1,2,2,3,2,2,2,48,2,2,1,0,1,1,0,1
616,1,60,3,6,9157,1,2,2,3,2,2,3,27,1,1,1,0,1,0,0,1
617,0,6,4,7,3676,2,2,1,3,2,3,0,37,1,0,3,1,2,0,0,1
618,1,30,2,5,3441,3,2,2,4,0,4,2,21,1,0,1,1,1,0,0,2
619,3,12,2,7,640,2,2,4,2,2,2,0,49,1,2,1,2,1,0,0,1
620,1,21,4,10,3652,2,1,2,3,2,3,1,27,1,2,2,1,1,0,0,1
621,3,18,4,7,1530,2,2,3,3,2,2,1,32,2,2,2,1,1,0,0,2
622,3,48,2,10,3914,1,2,4,2,2,2,0,38,2,2,1,1,1,0,0,2
623,0,12,2,5,1858,2,3,4,4,2,1,2,22,1,0,1,1,1,0,0,1
624,0,18,2,6,2600,2,2,4,3,2,4,3,65,1,1,2,1,1,0,0,2
625,3,15,2,6,1979,1,0,4,3,2,2,2,35,1,2,1,1,1,0,0,1
626,2,6,2,5,2116,2,2,2,3,2,2,0,41,1,2,1,1,1,1,0,1
627,1,9,1,7,1437,3,1,2,3,2,3,3,29,1,2,1,1,1,0,0,2
628,3,42,4,5,4042,4,2,4,3,2,4,0,36,1,2,2,1,1,1,0,1
629,3,9,2,1,3832,1,0,1,3,2,4,0,64,1,2,1,2,1,0,0,1
630,0,24,2,6,3660,2,2,2,4,2,4,2,28,1,2,1,1,1,0,0,1
631,0,18,1,5,1553,2,2,4,3,2,3,2,44,2,2,1,1,1,0,0,2
632,1,15,2,6,1444,1,3,4,3,2,1,1,23,1,2,1,1,1,0,0,1
633,3,9,2,5,1980,2,3,2,4,0,2,2,19,1,0,2,1,1,0,0,2
634,1,24,2,7,1355,2,3,3,4,2,4,2,25,1,2,1,2,1,1,0,2
635,3,12,2,1,1393,2,0,4,3,2,4,1,47,2,2,3,1,2,1,0,1
636,3,24,2,6,1376,4,1,4,4,2,1,2,28,1,2,1,1,1,0,0,1
637,3,60,3,6,15653,2,1,2,3,2,4,2,21,1,2,2,1,1,1,0,1
638,3,12,2,6,1493,2,3,4,4,2,3,2,34,1,2,1,1,2,0,0,1
639,0,42,3,6,4370,2,1,3,3,2,2,1,26,2,2,2,1,2,1,0,2
640,0,18,2,1,750,2,4,4,4,2,1,0,27,1,2,1,3,1,0,0,2
641,1,15,2,4,1308,2,0,4,3,2,4,2,38,1,2,2,2,1,0,0,1
642,3,15,2,1,4623,3,2,3,3,2,2,1,40,1,2,1,0,1,1,0,2
643,3,24,4,6,1851,2,1,4,1,1,2,2,33,1,2,2,1,1,1,0,1
644,0,18,4,6,1880,2,1,4,1,2,1,1,32,1,2,2,0,1,1,0,1
645,3,36,3,10,7980,1,3,4,3,2,4,2,27,1,0,2,1,1,1,0,2
646,0,30,0,5,4583,2,2,2,2,1,2,0,32,1,2,2,1,1,0,0,1
647,3,12,2,7,1386,4,2,2,4,2,2,1,26,1,2,1,1,1,0,0,2
648,2,24,2,7,947,2,1,4,3,2,3,3,38,2,1,1,1,2,0,0,2
649,0,12,2,1,684,2,2,4,3,2,4,2,40,1,0,1,2,2,0,0,2
650,0,48,2,1,7476,2,1,4,3,2,1,3,50,1,1,1,0,1,1,0,1
651,1,12,2,5,1922,2,2,4,3,2,2,1,37,1,2,1,2,1,0,0,2
652,0,24,2,7,2303,2,0,4,3,0,1,0,45,1,2,1,1,1,0,0,2
653,1,36,3,7,8086,3,0,2,3,2,4,2,42,1,2,4,0,1,1,0,2
654,3,24,4,8,2346,2,1,4,3,2,3,2,35,1,2,2,1,1,1,0,1
655,0,14,2,7,3973,2,4,1,3,2,4,3,22,1,1,1,1,1,0,0,1
656,1,12,2,7,888,2,0,4,3,2,4,2,41,2,2,1,2,2,0,0,2
657,3,48,2,6,10222,1,1,4,3,2,3,2,37,0,2,1,1,1,1,0,1
658,1,30,0,10,4221,2,2,2,4,2,1,2,28,1,2,2,1,1,0,0,1
659,1,18,4,5,6361,2,0,2,3,2,1,3,41,1,2,1,1,1,1,0,1
660,2,12,2,6,1297,2,2,3,1,2,4,0,23,1,0,1,1,1,0,0,1
661,0,12,2,7,900,1,2,4,1,2,2,2,23,1,2,1,1,1,0,0,2
662,3,21,2,5,2241,2,0,4,3,2,2,0,50,1,2,2,1,1,0,0,1
663,1,6,3,5,1050,2,4,4,3,2,1,1,35,0,2,2,0,1,1,0,1
664,2,6,4,1,1047,2,2,2,4,2,4,1,50,1,2,1,2,1,0,0,1
665,3,24,4,0,6314,2,4,4,3,0,2,3,27,2,2,2,0,1,1,0,1
666,1,30,1,5,3496,0,2,4,3,2,2,2,34,0,2,1,1,2,1,0,1
667,3,48,1,10,3609,2,2,1,4,2,1,0,27,0,2,1,1,1,0,0,1
668,0,12,4,7,4843,2,0,3,3,0,4,1,43,1,0,2,1,1,1,0,2
669,2,30,4,6,3017,2,0,4,3,2,4,1,47,1,2,1,1,1,0,0,1
670,3,24,4,10,4139,3,2,3,3,2,3,1,27,1,2,2,2,1,1,0,1
671,3,36,2,10,5742,3,1,2,3,2,2,2,31,1,2,2,1,1,1,0,1
672,3,60,2,7,10366,2,0,2,3,2,4,1,42,1,2,1,0,1,1,0,1
673,3,6,4,7,2080,4,2,1,1,2,2,2,24,1,2,1,1,1,0,0,1
674,3,21,3,10,2580,4,3,4,3,2,2,0,41,2,2,1,2,2,0,0,2
675,3,30,4,6,4530,2,1,4,4,2,4,2,26,1,0,1,0,1,1,0,1
676,3,24,4,5,5150,2,0,4,3,2,4,2,33,1,2,1,1,1,1,0,1
677,1,72,2,6,5595,3,2,2,1,2,2,2,24,1,2,1,1,1,0,0,2
678,0,24,2,6,2384,2,0,4,3,2,4,0,64,2,0,1,2,1,0,0,1
679,3,18,2,6,1453,2,3,3,4,2,1,0,26,1,2,1,1,1,0,0,1
680,3,6,2,1,1538,2,3,1,4,2,2,3,56,1,2,1,1,1,0,0,1
681,3,12,2,6,2279,1,2,4,3,2,4,3,37,1,1,1,1,1,1,0,1
682,3,15,3,6,1478,2,2,4,1,2,3,0,33,2,2,2,1,1,0,0,1
683,3,24,4,6,5103,2,3,3,1,2,3,3,47,1,1,3,1,1,1,0,1
684,1,36,3,10,9857,3,1,1,3,2,3,1,31,1,2,2,2,2,1,0,1
685,3,60,2,7,6527,1,2,4,3,2,4,3,34,1,1,1,1,2,1,0,1
686,2,10,4,6,1347,1,1,4,3,2,2,1,27,1,2,2,1,1,1,0,1
687,1,36,3,7,2862,3,0,4,3,2,3,3,30,1,1,1,1,1,0,0,1
688,3,9,2,6,2753,3,0,3,3,0,4,2,35,1,2,1,1,1,1,0,1
689,0,12,2,7,3651,0,2,1,3,2,3,1,31,1,2,1,1,2,0,0,1
690,0,15,4,5,975,2,2,2,2,2,3,1,25,1,2,2,1,1,0,0,1
691,1,15,2,4,2631,3,2,3,4,2,2,0,25,1,2,1,2,1,0,0,1
692,1,24,2,6,2896,3,3,2,3,2,1,2,29,1,2,1,1,1,0,0,1
693,0,6,4,7,4716,1,3,1,3,2,3,0,44,1,2,2,2,2,0,0,1
694,3,24,2,6,2284,2,1,4,3,2,2,2,28,1,2,1,1,1,1,0,1
695,3,6,2,8,1236,4,2,2,3,2,4,1,50,1,0,1,1,1,0,0,1
696,1,12,2,6,1103,2,1,4,3,1,3,0,29,1,2,2,1,1,0,1,1
697,3,12,4,7,926,2,4,1,4,2,2,1,38,1,2,1,3,1,0,0,1
698,3,18,4,6,1800,2,2,4,3,2,2,2,24,1,2,2,1,1,0,0,1
699,2,15,2,1,1905,2,0,4,3,2,4,2,40,1,0,1,0,1,1,0,1
700,3,12,2,5,1123,4,2,4,4,2,4,2,29,1,0,1,2,1,0,0,2
701,0,48,4,8,6331,2,0,4,3,2,4,3,46,1,1,2,1,1,1,0,2
702,2,24,2,6,1377,3,0,4,4,2,2,3,47,1,1,1,1,1,1,0,1
703,1,30,3,10,2503,3,0,4,3,2,2,1,41,0,2,2,1,1,0,0,1
704,1,27,2,10,2528,2,3,4,4,2,1,1,32,1,2,1,1,2,1,0,1
705,3,15,2,7,5324,4,0,1,4,2,4,3,35,1,1,1,1,1,0,0,1
706,1,48,2,7,6560,3,1,3,3,2,2,1,24,1,2,1,1,1,0,0,2
707,1,12,0,5,2969,2,3,4,4,2,3,1,25,1,0,2,1,1,0,0,2
708,1,9,2,6,1206,2,0,4,4,2,4,0,25,1,2,1,1,1,0,0,1
709,1,9,2,6,2118,2,2,2,3,2,2,0,37,1,2,1,2,2,0,0,1
710,3,18,4,6,629,4,0,4,3,2,3,1,32,2,2,2,0,1,1,0,1
711,0,6,1,1,1198,2,0,4,4,2,4,3,35,1,1,1,1,1,0,0,2
712,3,21,2,8,2476,1,0,4,3,2,4,0,46,1,2,1,0,1,1,0,1
713,0,9,4,6,1138,2,2,4,3,2,4,0,25,1,2,2,2,1,0,0,1
714,1,60,2,7,14027,2,1,4,3,2,2,3,27,1,2,1,0,1,1,0,2
715,3,30,4,8,7596,1,0,1,3,2,4,2,63,1,2,2,1,1,0,0,1
716,3,30,4,6,3077,1,0,3,3,2,2,2,40,1,2,2,1,2,1,0,1
717,3,18,2,6,1505,2,2,4,3,2,2,3,32,1,1,1,0,1,1,0,1
718,2,24,4,6,3148,1,2,3,3,2,2,2,31,1,2,2,1,1,1,0,1
719,1,20,0,8,6148,3,0,3,1,2,4,2,31,2,2,2,1,1,1,0,1
720,2,9,0,6,1337,2,3,4,3,2,2,2,34,1,2,2,0,1,1,0,2
721,1,6,1,1,433,0,3,4,4,2,2,1,24,2,0,1,1,2,0,0,2
722,0,12,2,7,1228,2,2,4,4,2,2,0,24,1,2,1,2,1,0,0,2
723,1,9,2,6,790,4,2,4,4,2,3,0,66,1,2,1,2,1,0,0,1
724,3,27,2,7,2570,2,2,3,4,2,3,0,21,1,0,1,1,1,0,0,2
725,3,6,4,7,250,0,2,2,4,2,2,0,41,2,2,2,2,1,0,0,1
726,3,15,4,6,1316,4,2,2,1,2,2,1,47,1,2,2,2,1,0,0,1
727,0,18,2,6,1882,2,2,4,4,2,4,2,25,2,0,2,1,1,0,0,2
728,1,48,1,10,6416,2,0,4,4,2,3,3,59,1,0,1,1,1,0,0,2
729,2,24,4,10,1275,0,2,2,2,2,4,0,36,1,2,2,1,1,1,0,1
730,1,24,3,6,6403,2,3,1,3,2,2,2,33,1,2,1,1,1,0,0,1
731,0,24,2,6,1987,2,2,2,3,2,4,0,21,1,0,1,2,2,0,0,2
732,1,8,2,6,760,2,1,4,4,1,2,0,44,1,2,1,2,1,0,0,1
733,3,24,2,8,2603,0,2,2,4,2,4,2,28,1,0,1,1,1,1,0,1
734,3,4,4,7,3380,2,1,1,4,2,1,0,37,1,2,1,1,2,0,0,1
735,1,36,1,3,3990,1,3,3,4,2,2,3,29,2,2,1,3,1,0,0,1
736,1,24,2,8,11560,2,2,1,4,2,4,2,23,1,0,2,0,1,0,0,2
737,0,18,2,7,4380,3,2,3,3,2,4,2,35,1,2,1,2,2,1,0,1
738,3,6,4,7,6761,2,1,1,3,2,3,3,45,1,2,2,0,2,1,0,1
739,1,30,0,10,4280,3,2,4,4,2,4,2,26,1,0,2,2,1,0,0,2
740,0,24,1,7,2325,3,1,2,3,2,3,2,32,2,2,1,1,1,0,0,1
741,1,10,1,6,1048,2,2,4,3,2,4,0,23,0,2,1,2,1,0,0,1
742,3,21,2,6,3160,1,0,4,3,2,3,1,41,1,2,1,1,1,1,0,1
743,0,24,1,5,2483,4,2,4,3,2,4,0,22,0,2,1,1,1,1,0,1
744,0,39,4,5,14179,1,1,4,3,2,4,1,30,1,2,2,0,1,1,0,1
745,0,13,4,10,1797,2,3,3,3,2,1,1,28,2,2,2,2,1,0,0,1
746,0,15,2,7,2511,2,4,1,4,2,4,2,23,1,0,1,1,1,0,0,1
747,0,12,2,7,1274,2,3,3,4,2,1,0,37,1,2,1,2,1,0,0,2
748,3,21,2,8,5248,1,2,1,3,2,3,2,26,1,2,1,1,1,0,0,1
749,3,15,2,8,3029,2,1,2,3,2,2,2,33,1,2,1,1,1,0,0,1
750,0,6,2,5,428,2,0,2,4,2,1,1,49,2,2,1,1,1,1,0,1
751,0,18,2,7,976,2,3,1,4,2,2,2,23,1,2,1,2,1,0,0,2
752,1,12,2,10,841,3,1,2,4,2,4,0,23,1,0,1,2,1,0,0,1
753,3,30,4,6,5771,2,1,4,4,2,2,2,25,1,2,2,1,1,0,0,1
754,3,12,3,4,1555,0,0,4,3,2,4,3,55,1,1,2,1,2,0,0,2
755,0,24,2,7,1285,1,1,4,4,2,4,3,32,1,0,1,1,1,0,0,2
756,2,6,4,7,1299,2,2,1,3,2,1,0,74,1,2,3,3,2,0,1,1
757,2,15,4,6,1271,1,2,3,3,2,4,3,39,1,1,2,1,1,1,0,2
758,3,24,2,7,1393,2,2,2,3,1,2,0,31,1,2,1,1,1,1,0,1
759,0,12,4,7,691,2,0,4,3,2,3,1,35,1,2,2,1,1,0,0,2
760,3,15,4,7,5045,1,0,1,4,2,4,2,59,1,2,1,1,1,1,0,1
761,0,18,4,5,2124,2,2,4,4,2,4,0,24,1,0,2,1,1,0,0,2
762,0,12,2,6,2214,2,2,4,3,2,3,1,24,1,2,1,2,1,0,0,1
763,3,21,4,7,12680,1,0,4,3,2,4,3,30,1,1,1,0,1,1,0,2
764,3,24,4,7,2463,3,1,4,1,2,3,1,27,1,2,2,1,1,1,0,1
765,1,12,2,6,1155,2,0,3,1,1,3,0,40,2,2,2,2,1,0,0,1
766,0,30,2,5,3108,2,3,2,2,2,4,1,31,1,2,1,2,1,0,0,2
767,3,10,2,8,2901,1,3,1,4,2,4,0,31,1,0,1,1,1,0,0,1
768,1,12,4,5,3617,2,0,1,3,2,4,2,28,1,0,3,1,1,1,0,1
769,3,12,4,6,1655,2,0,2,3,2,4,0,63,1,2,2,2,1,1,0,1
770,0,24,2,8,2812,1,0,2,4,2,4,0,26,1,0,1,1,1,0,0,1
771,0,36,4,1,8065,2,2,3,4,2,2,3,25,1,2,2,0,1,1,0,2
772,3,21,4,8,3275,2,0,1,3,2,4,2,36,1,2,1,0,1,1,0,1
773,3,24,4,6,2223,3,0,4,3,2,4,1,52,2,2,2,1,1,0,0,1
774,2,12,4,7,1480,4,4,2,3,2,4,3,66,2,1,3,3,1,0,0,1
775,0,24,2,7,1371,1,2,4,4,2,4,0,25,1,0,1,1,1,0,0,2
776,3,36,4,7,3535,2,1,4,3,2,4,2,37,1,2,2,1,1,1,0,1
777,0,18,2,6,3509,2,1,4,4,1,1,0,25,1,2,1,1,1,0,0,1
778,3,36,4,8,5711,0,0,4,3,2,2,2,38,1,2,2,0,1,1,0,1
779,1,18,2,4,3872,2,4,2,4,2,4,2,67,1,2,1,1,1,1,0,1
780,1,39,4,6,4933,2,1,2,3,1,2,0,25,1,2,2,1,1,0,0,2
781,3,24,4,7,1940,0,0,4,3,2,4,0,60,1,2,1,1,1,1,0,1
782,1,12,0,9,1410,2,2,2,3,2,2,0,31,1,2,1,2,1,1,0,1
783,1,12,2,7,836,3,3,4,4,2,2,1,23,2,2,1,2,1,0,0,2
784,1,20,2,8,6468,1,4,1,2,2,4,0,60,1,2,1,0,1,1,0,1
785,1,18,2,10,1941,0,2,4,3,2,2,1,35,1,2,1,2,1,1,0,1
786,3,22,2,6,2675,4,0,3,3,2,4,2,40,1,2,1,1,1,0,0,1
787,3,48,4,8,2751,1,0,4,3,2,3,2,38,1,2,2,1,2,1,0,1
788,1,48,3,1,6224,2,0,4,3,2,4,3,50,1,1,1,1,1,0,0,2
789,0,40,4,1,5998,2,2,4,3,2,3,3,27,2,2,1,1,1,1,0,2
790,1,21,2,10,1188,2,0,2,4,2,4,1,39,1,2,1,1,2,0,0,2
791,3,24,2,8,6313,1,0,3,3,2,4,2,41,1,2,1,0,2,1,0,1
792,3,6,4,5,1221,1,2,1,1,2,2,1,27,1,2,2,1,1,0,0,1
793,2,24,2,5,2892,2,0,3,2,2,4,3,51,1,1,1,1,1,0,0,1
794,3,24,2,5,3062,4,0,4,3,2,3,3,32,1,0,1,1,1,1,0,1
795,3,9,2,5,2301,3,3,2,4,2,4,1,22,1,0,1,1,1,0,0,1
796,0,18,2,8,7511,1,0,1,3,2,4,1,51,1,1,1,1,2,1,0,2
797,3,12,4,5,1258,2,3,2,4,2,4,1,22,1,0,2,2,1,0,0,1
798,3,24,3,7,717,1,0,4,1,2,4,2,54,1,2,2,1,1,1,0,1
799,1,9,2,7,1549,1,3,4,3,2,2,0,35,1,2,1,3,1,0,0,1
800,3,24,4,1,1597,2,0,4,3,2,4,3,54,1,1,2,1,2,0,0,1
801,1,18,4,6,1795,2,0,3,4,1,4,0,48,2,0,2,2,1,1,0,1
802,0,20,4,5,4272,2,0,1,4,2,4,1,24,1,2,2,1,1,0,0,1
803,3,12,4,6,976,1,0,4,3,2,4,2,35,1,2,2,1,1,0,0,1
804,1,12,2,7,7472,1,4,1,4,2,2,0,24,1,0,1,3,1,0,0,1
805,0,36,2,7,9271,2,1,2,3,2,1,2,24,1,2,1,1,1,1,0,2
806,1,6,2,6,590,2,3,3,1,2,3,0,26,1,2,1,2,1,0,1,1
807,3,12,4,6,930,1,0,4,3,2,4,0,65,1,2,4,1,1,0,0,1
808,1,42,1,8,9283,2,4,1,3,2,2,3,55,2,1,1,0,1,1,0,1
809,1,15,0,7,1778,2,3,2,4,2,1,0,26,1,0,2,3,1,0,0,2
810,1,8,2,10,907,2,3,3,1,2,2,0,26,1,2,1,1,1,1,0,1
811,1,6,2,6,484,2,1,3,1,1,3,0,28,2,2,1,2,1,0,0,1
812,0,36,4,8,9629,2,1,4,3,2,4,2,24,1,2,2,1,1,1,0,2
813,0,48,2,3,3051,2,2,3,3,2,4,2,54,1,2,1,1,1,0,0,2
814,0,48,2,7,3931,2,1,4,3,2,4,3,46,1,1,1,1,2,0,0,2
815,1,36,3,7,7432,2,2,2,4,2,2,1,54,1,0,1,1,1,0,0,1
816,3,6,2,3,1338,4,2,1,2,2,4,0,62,1,2,1,1,1,0,0,1
817,3,6,4,6,1554,2,1,1,4,2,2,2,24,1,0,2,1,1,1,0,1
818,0,36,2,0,15857,2,4,2,2,0,3,2,43,1,2,1,0,1,0,0,1
819,0,18,2,6,1345,2,2,4,1,2,3,0,26,2,2,1,1,1,0,0,2
820,3,12,2,7,1101,2,2,3,1,2,2,0,27,1,2,2,1,1,1,0,1
821,2,12,2,6,3016,2,2,3,1,2,1,2,24,1,2,1,1,1,0,0,1
822,0,36,2,5,2712,2,0,2,3,2,2,1,41,2,2,1,1,2,0,0,2
823,0,8,4,7,731,2,0,4,3,2,4,0,47,1,2,2,2,1,0,0,1
824,3,18,4,5,3780,2,3,3,2,2,2,2,35,1,2,2,0,1,1,0,1
825,0,21,4,7,1602,2,0,4,1,2,3,2,30,1,2,2,1,1,1,0,1
826,0,18,4,7,3966,2,0,1,4,2,4,0,33,2,0,3,1,1,1,0,2
827,3,18,0,10,4165,2,2,2,3,2,2,2,36,0,2,2,1,2,0,0,2
828,0,36,2,8,8335,1,0,3,3,2,4,3,47,1,1,1,1,1,0,0,2
829,1,48,3,10,6681,1,2,4,3,2,4,3,38,1,1,1,1,2,1,0,1
830,3,24,3,10,2375,4,2,4,3,2,2,2,44,1,2,2,1,2,1,0,1
831,0,18,2,7,1216,2,3,4,4,2,3,2,23,1,0,1,1,1,1,0,2
832,0,45,0,10,11816,2,0,2,3,2,4,2,29,1,0,2,1,1,0,0,2
833,1,24,2,6,5084,1,0,2,4,2,4,2,42,1,2,1,1,1,1,0,1
834,2,15,2,6,2327,2,3,2,4,2,3,0,25,1,2,1,2,1,0,0,2
835,0,12,0,7,1082,2,2,4,3,2,4,2,48,2,2,2,1,1,0,0,2
836,3,12,2,6,886,1,2,4,4,2,2,2,21,1,2,1,1,1,0,0,1
837,3,4,2,5,601,2,3,1,4,2,3,0,23,1,0,1,2,2,0,0,1
838,0,24,4,8,2957,2,0,4,3,2,4,1,63,1,2,2,1,1,1,0,1
839,3,24,4,6,2611,2,0,4,1,0,3,0,46,1,2,2,1,1,0,0,1
840,0,36,2,5,5179,2,1,4,3,2,2,1,29,1,2,1,1,1,0,0,2
841,3,21,3,8,2993,2,2,3,3,2,2,0,28,0,2,2,2,1,0,0,1
842,3,18,2,4,1943,2,3,4,4,2,4,0,23,1,2,1,1,1,0,0,2
843,3,24,1,10,1559,2,1,4,3,2,4,2,50,2,2,1,1,1,1,0,1
844,3,18,2,5,3422,2,0,4,3,2,4,1,47,2,2,3,1,2,1,0,1
845,1,21,2,5,3976,1,1,2,3,2,3,2,35,1,2,1,1,1,1,0,1
846,3,18,2,7,6761,1,2,2,3,2,4,2,68,1,0,2,1,1,0,0,2
847,3,24,2,7,1249,2,3,4,1,2,2,0,28,1,2,1,1,1,0,0,1
848,0,9,2,6,1364,2,1,3,3,2,4,0,59,1,2,1,1,1,0,0,1
849,0,12,2,6,709,2,0,4,3,2,4,0,57,0,2,1,2,1,0,0,2
850,0,20,4,7,2235,2,2,4,1,1,2,1,33,2,0,2,1,1,0,1,2
851,3,24,4,8,4042,1,1,3,3,2,4,1,43,1,2,2,1,1,1,0,1
852,3,15,4,6,1471,2,2,4,3,2,4,3,35,1,1,2,1,1,1,0,1
853,0,18,1,7,1442,2,1,4,3,2,4,3,32,1,1,2,2,2,0,0,2
854,3,36,3,7,10875,2,0,2,3,2,2,2,45,1,2,2,1,2,1,0,1
855,3,24,2,7,1474,3,3,4,1,2,3,0,33,1,2,1,1,1,1,0,1
856,3,10,2,9,894,1,1,4,4,2,3,1,40,1,2,1,1,1,1,0,1
857,3,15,4,5,3343,2,2,4,3,2,2,3,28,1,1,1,1,1,1,0,1
858,0,15,2,7,3959,2,2,3,4,2,2,1,29,1,2,1,1,1,1,0,2
859,3,9,2,7,3577,3,2,1,3,1,2,0,26,1,0,1,1,2,0,1,1
860,3,24,4,8,5804,0,2,4,3,2,2,0,27,1,2,2,1,1,0,0,1
861,3,18,3,10,2169,2,2,4,1,2,2,2,28,1,2,1,1,1,1,0,2
862,0,24,2,6,2439,2,3,4,4,2,4,0,35,1,2,1,1,1,1,0,2
863,3,27,4,5,4526,0,3,4,3,2,2,0,32,0,2,2,2,2,1,0,1
864,3,10,2,5,2210,2,2,2,3,2,2,0,25,2,0,1,2,1,0,0,2
865,3,15,2,5,2221,4,2,2,4,2,4,2,20,1,0,1,1,1,0,0,1
866,0,18,2,6,2389,2,3,4,4,2,1,2,27,0,2,1,1,1,0,0,1
867,3,12,4,5,3331,2,0,2,3,2,4,1,42,0,2,1,1,1,0,0,1
868,3,36,2,10,7409,1,0,3,3,2,2,1,37,1,2,2,1,1,0,0,1
869,0,12,2,5,652,2,0,4,4,2,4,1,24,1,0,1,1,1,0,0,1
870,3,36,3,5,7678,4,1,2,4,2,4,2,40,1,2,2,1,1,1,0,1
871,2,6,4,7,1343,2,0,1,3,2,4,0,46,1,2,2,1,2,0,1,1
872,0,24,4,10,1382,3,1,4,3,2,1,0,26,1,2,2,1,1,1,0,1
873,3,15,2,3,874,1,3,4,4,2,1,0,24,1,2,1,1,1,0,0,1
874,0,12,2,5,3590,2,2,2,3,0,2,1,29,1,2,1,2,2,0,0,1
875,1,11,4,7,1322,0,2,4,4,2,4,2,40,1,2,2,1,1,0,0,1
876,0,18,1,6,1940,2,3,3,3,0,4,3,36,2,1,1,0,1,1,0,1
877,3,36,2,6,3595,2,0,4,3,2,2,2,28,1,2,1,1,1,0,0,1
878,0,9,2,7,1422,2,3,3,3,2,2,3,27,1,1,1,0,1,1,0,2
879,3,30,4,6,6742,1,1,2,3,2,3,1,36,1,2,2,1,1,0,0,1
880,3,24,2,8,7814,2,1,3,3,2,3,2,38,1,2,1,0,1,1,0,1
881,3,24,2,8,9277,1,2,2,2,2,4,3,48,1,1,1,1,1,1,0,1
882,1,30,4,7,2181,1,0,4,3,2,4,0,36,1,2,2,1,1,0,0,1
883,3,18,4,6,1098,2,4,4,4,2,4,2,65,1,2,2,3,1,0,0,1
884,1,24,2,5,4057,2,1,3,2,2,3,2,43,1,2,1,1,1,1,0,2
885,0,12,2,1,795,2,3,4,4,2,4,1,53,1,2,1,1,1,0,0,2
886,1,24,4,10,2825,1,1,4,3,2,3,3,34,1,2,2,1,2,1,0,1
887,1,48,2,10,15672,2,2,2,3,2,2,2,23,1,2,1,1,1,1,0,2
888,3,36,4,7,6614,2,0,4,3,2,4,2,34,1,2,2,0,1,1,0,1
889,3,28,1,8,7824,1,3,3,3,1,4,0,40,2,0,2,1,2,1,0,1
890,0,27,4,10,2442,2,0,4,3,2,4,2,43,0,2,4,0,2,1,0,1
891,3,15,4,6,1829,2,0,4,3,2,4,2,46,1,2,2,1,1,1,0,1
892,0,12,4,7,2171,2,2,4,3,2,4,1,38,2,2,2,2,1,0,1,1
893,1,36,4,8,5800,2,2,3,3,2,4,2,34,1,2,2,1,1,1,0,1
894,3,18,4,6,1169,1,2,4,3,2,3,1,29,1,2,2,1,1,1,0,1
895,3,36,3,8,8947,1,1,3,3,2,2,2,31,0,2,1,0,2,1,0,1
896,0,21,2,6,2606,2,3,4,4,2,4,1,28,1,0,1,0,1,1,0,1
897,3,12,4,5,1592,0,1,3,4,2,2,1,35,1,2,1,1,1,0,1,1
898,3,15,2,5,2186,1,1,1,4,2,4,0,33,2,0,1,2,1,0,0,1
899,0,18,2,5,4153,2,2,2,3,0,3,2,42,1,2,1,1,1,0,0,2
900,0,16,4,7,2625,2,0,2,3,1,4,1,43,2,0,1,1,1,1,0,2
901,3,20,4,7,3485,1,3,2,2,2,4,0,44,1,2,2,1,1,1,0,1
902,3,36,4,8,10477,1,0,2,3,2,4,3,42,1,1,2,1,1,0,0,1
903,3,15,2,6,1386,1,2,4,1,2,2,0,40,1,0,1,1,1,1,0,1
904,3,24,2,6,1278,2,0,4,3,2,1,0,36,1,2,1,0,1,1,0,1
905,0,12,2,6,1107,2,2,2,3,2,2,0,20,1,0,1,0,2,1,0,1
906,0,21,2,7,3763,1,1,2,3,0,2,0,24,1,2,1,2,1,0,1,1
907,1,36,2,1,3711,1,2,2,1,2,2,2,27,1,2,1,1,1,0,0,1
908,3,15,3,8,3594,2,3,1,4,2,2,1,46,1,2,2,2,1,0,0,1
909,1,9,2,7,3195,1,2,1,4,2,2,0,33,1,2,1,2,1,0,0,1
910,3,36,3,6,4454,2,2,4,4,2,4,0,34,1,2,2,1,1,0,0,1
911,1,24,4,5,4736,2,3,2,4,2,4,2,25,2,2,1,2,1,0,0,2
912,1,30,2,6,2991,1,0,2,4,2,4,2,25,1,2,1,1,1,0,0,1
913,3,11,2,10,2142,0,0,1,2,2,2,0,28,1,2,1,1,1,1,0,1
914,0,24,1,10,3161,2,2,4,3,2,2,1,31,1,0,1,1,1,1,0,2
915,1,48,0,0,18424,2,2,1,4,2,2,1,32,2,2,1,0,1,1,1,2
916,3,10,2,8,2848,3,2,1,3,0,2,0,32,1,2,1,1,2,0,0,1
917,0,6,2,7,14896,2,0,1,3,2,4,3,68,2,2,1,0,1,1,0,2
918,0,24,2,5,2359,3,4,1,2,2,1,1,33,1,2,1,1,1,0,0,2
919,0,24,2,5,3345,2,0,4,3,2,2,1,39,1,0,1,0,1,1,0,2
920,3,18,4,5,1817,2,2,4,4,2,2,3,28,1,2,2,1,1,0,0,1
921,3,48,3,6,12749,4,1,4,3,2,1,2,37,1,2,1,0,1,1,0,1
922,0,9,2,6,1366,2,3,3,4,2,4,1,22,1,0,1,1,1,0,0,2
923,1,12,2,7,2002,2,1,3,3,2,4,1,30,1,0,1,1,2,1,0,1
924,0,24,1,5,6872,2,3,2,2,2,1,1,55,2,2,1,1,1,1,0,2
925,0,12,1,7,697,2,3,4,3,2,2,2,46,2,2,2,1,1,1,0,2
926,0,18,4,5,1049,2,3,4,4,2,4,1,21,1,0,1,1,1,0,0,1
927,0,48,2,8,10297,2,1,4,3,2,4,3,39,0,1,3,1,2,1,0,2
928,3,30,2,6,1867,1,0,4,3,2,4,2,58,1,2,1,1,1,1,0,1
929,0,12,3,7,1344,2,2,4,3,2,2,0,43,1,2,2,2,2,0,0,1
930,0,24,2,5,1747,2,3,4,3,0,1,1,24,1,2,1,2,1,0,1,1
931,1,9,2,6,1670,2,3,4,4,2,2,2,22,1,2,1,1,1,1,0,2
932,3,9,4,7,1224,2,2,3,3,2,1,0,30,1,2,2,1,1,0,0,1
933,3,12,4,6,522,4,0,4,3,2,4,1,42,1,2,2,1,2,1,0,1
934,0,12,2,6,1498,2,2,4,4,2,1,2,23,2,2,1,1,1,0,0,1
935,1,30,3,6,1919,3,3,4,3,2,3,3,30,0,2,2,0,1,0,0,2
936,2,9,2,6,745,2,2,3,4,2,2,0,28,1,2,1,2,1,0,0,2
937,1,6,2,6,2063,2,3,4,1,2,3,2,30,1,0,1,0,1,1,0,1
938,1,60,2,1,6288,2,2,4,3,2,4,3,42,1,1,1,1,1,0,0,2
939,3,24,4,8,6842,1,2,2,3,2,4,1,46,1,2,2,0,2,1,0,1
940,3,12,2,7,3527,1,3,2,3,2,3,1,45,1,2,1,0,2,1,0,1
941,3,10,2,7,1546,2,2,3,3,2,2,0,31,1,2,1,2,2,0,1,1
942,3,24,2,5,929,1,1,4,3,2,2,2,31,0,2,1,1,1,1,0,1
943,3,4,4,7,1455,2,1,2,3,2,1,0,42,1,2,3,2,2,0,0,1
944,0,15,2,5,1845,2,3,4,4,1,1,1,46,1,0,1,1,1,0,0,1
945,1,48,0,7,8358,4,3,1,4,2,1,2,30,1,2,2,1,1,0,0,1
946,0,24,1,5,3349,4,3,4,3,2,4,3,30,1,1,1,1,2,1,0,2
947,3,12,2,7,2859,1,4,4,3,2,4,3,38,1,2,1,0,1,1,0,1
948,3,18,2,5,1533,2,3,4,1,0,1,1,43,1,2,1,2,2,0,0,2
949,3,24,2,6,3621,3,0,2,3,2,4,2,31,1,2,2,1,1,0,0,2
950,1,18,4,10,3590,2,4,3,1,2,3,2,40,1,2,3,3,2,1,0,1
951,0,36,3,10,2145,2,1,2,3,2,1,2,24,1,2,2,1,1,1,0,2
952,1,24,2,8,4113,4,3,3,4,2,4,2,28,1,0,1,1,1,0,0,2
953,3,36,2,5,10974,2,4,4,4,2,2,2,26,1,2,2,0,1,1,0,2
954,0,12,2,7,1893,2,2,4,4,1,4,1,29,1,2,1,1,1,1,0,1
955,0,24,4,6,1231,0,0,4,4,2,4,1,57,1,0,2,0,1,1,0,1
956,2,30,4,6,3656,1,0,4,3,2,4,1,49,0,2,2,2,1,0,0,1
957,1,9,4,6,1154,2,0,2,3,2,4,0,37,1,2,3,2,1,0,0,1
958,0,28,2,7,4006,2,2,3,3,2,2,2,45,1,2,1,2,1,0,0,2
959,1,24,2,5,3069,3,0,4,3,2,4,3,30,1,1,1,1,1,0,0,1
960,3,6,4,6,1740,2,0,2,1,2,2,0,30,1,0,2,1,1,0,0,1
961,1,21,3,7,2353,2,2,1,2,2,4,1,47,1,2,2,1,1,0,0,1
962,3,15,2,7,3556,1,2,3,3,2,2,3,29,1,2,1,1,1,0,0,1
963,3,24,2,6,2397,4,0,3,3,2,2,2,35,2,2,2,1,1,1,0,2
964,1,6,2,4,454,2,3,3,1,2,1,1,22,1,2,1,2,1,0,0,1
965,1,30,2,6,1715,1,2,4,4,2,1,2,26,1,2,1,1,1,0,0,1
966,1,27,4,6,2520,4,2,4,3,2,2,1,23,1,2,2,2,1,0,0,2
967,3,15,2,6,3568,2,0,4,4,2,2,2,54,2,0,1,0,1,1,0,1
968,3,42,2,6,7166,1,1,2,1,2,4,1,29,1,0,1,1,1,1,0,1
969,0,11,4,7,3939,2,2,1,3,2,2,0,40,1,2,2,2,2,0,0,1
970,1,15,2,4,1514,3,2,4,3,1,2,0,22,1,2,1,1,1,0,0,1
971,3,24,2,7,7393,2,2,1,3,2,4,1,43,1,2,1,2,2,0,0,1
972,0,24,1,7,1193,2,4,1,4,0,4,3,29,1,0,2,3,1,0,0,2
973,0,60,2,10,7297,2,0,4,3,0,4,3,36,1,0,1,1,1,0,0,2
974,3,30,4,6,2831,2,2,4,4,2,2,2,33,1,2,1,1,1,1,0,1
975,2,24,2,6,1258,4,2,3,4,2,3,2,57,1,2,1,2,1,0,0,1
976,1,6,2,6,753,2,2,2,4,1,3,0,64,1,2,1,1,1,0,0,1
977,1,18,3,10,2427,1,0,4,3,2,2,1,42,1,2,2,1,1,0,0,1
978,3,24,3,7,2538,2,0,4,3,2,4,2,47,1,2,2,2,2,0,0,2
979,1,15,1,7,1264,3,2,2,1,2,2,1,25,1,0,1,1,1,0,0,2
980,1,30,4,5,8386,2,1,2,3,2,2,1,49,1,2,1,1,1,0,0,2
981,3,48,2,10,4844,2,4,3,3,2,2,2,33,2,0,1,0,1,1,0,2
982,2,21,2,7,2923,3,2,1,4,2,1,2,28,2,2,1,0,1,1,0,1
983,0,36,2,8,8229,2,2,2,3,2,2,1,26,1,2,1,1,2,0,0,2
984,3,24,4,5,2028,2,1,2,3,2,2,1,30,1,2,2,2,1,0,0,1
985,0,15,4,5,1433,2,2,4,4,2,3,1,25,1,0,2,1,1,0,0,1
986,2,42,0,10,6289,2,3,2,2,2,1,1,33,1,2,2,1,1,0,0,1
987,3,13,2,6,1409,3,4,2,4,2,4,0,64,1,2,1,1,1,0,0,1
988,0,24,2,8,6579,2,4,4,3,2,2,3,29,1,1,1,0,1,1,0,1
989,1,24,4,6,1743,2,0,4,3,2,2,1,48,1,2,2,2,1,0,0,1
990,3,12,4,1,3565,1,3,2,3,2,1,1,37,1,2,2,2,2,0,0,1
991,3,15,1,6,1569,3,0,4,3,2,4,2,34,2,2,1,2,2,0,0,1
992,0,18,2,6,1936,1,1,2,1,2,4,2,23,1,0,2,2,1,0,0,1
993,0,36,2,5,3959,2,4,4,3,2,3,1,30,1,2,1,0,1,1,0,1
994,3,12,2,7,2390,1,0,4,3,2,3,2,50,1,2,1,1,1,1,0,1
995,3,12,2,5,1736,2,1,3,4,2,4,0,31,1,2,1,2,1,0,0,1
996,0,30,2,8,3857,2,2,4,2,2,4,1,40,1,2,1,0,1,1,0,1
997,3,12,2,6,804,2,0,4,3,2,4,2,38,1,2,1,1,1,0,0,1
998,0,45,2,6,1845,2,2,4,3,2,4,3,23,1,1,1,1,1,1,0,2
999,1,45,4,8,4576,3,4,3,3,2,4,2,27,1,2,1,1,1,0,0,1
